date,season,season_type,team,opponent,location,team_total,opp_total,team_q1,opp_q1,team_q2,opp_q2,team_q3,opp_q3,team_q4,opp_q4,ot_count,winner,valid_linescore,espn_url,team_ot1,team_ot2,team_ot3,opp_ot1,opp_ot2,opp_ot3
2026-01-04T23:00:00+00:00,2026,REG,Miami Heat,New Orleans Pelicans,HOME,125,106,43,39,27,23,23,15,32,29,0,TEAM,True,https://www.espn.com/nba/game/_/gameId/401810352/pelicans-heat,,,,,,
2026-01-03T22:00:00+00:00,2026,REG,Miami Heat,Minnesota Timberwolves,HOME,115,125,25,27,25,29,36,34,29,35,0,OPP,True,https://www.espn.com/nba/game/_/gameId/401810341/timberwolves-heat,,,,,,
2026-01-02T00:00:00+00:00,2026,REG,Miami Heat,Detroit Pistons,AWAY,118,112,33,26,30,28,31,27,24,31,0,TEAM,True,https://www.espn.com/nba/game/_/gameId/401810327/heat-pistons,,,,,,
2025-12-30T00:30:00+00:00,2026,REG,Miami Heat,Denver Nuggets,HOME,147,123,41,29,22,34,47,36,37,24,0,TEAM,True,https://www.espn.com/nba/game/_/gameId/401810305/nuggets-heat,,,,,,
2025-12-28T01:00:00+00:00,2026,REG,Miami Heat,Indiana Pacers,HOME,142,116,29,28,30,32,39,34,44,22,0,TEAM,True,https://www.espn.com/nba/game/_/gameId/401810291/pacers-heat,,,,,,
2025-12-27T00:00:00+00:00,2026,REG,Miami Heat,Atlanta Hawks,AWAY,126,111,32,32,31,19,27,33,36,27,0,TEAM,True,https://www.espn.com/nba/game/_/gameId/401810278/heat-hawks,,,,,,
2025-12-24T00:30:00+00:00,2026,REG,Miami Heat,Toronto Raptors,HOME,91,112,16,21,28,30,23,31,24,30,0,OPP,True,https://www.espn.com/nba/game/_/gameId/401810269/raptors-heat,,,,,,
2025-12-21T23:00:00+00:00,2026,REG,Miami Heat,New York Knicks,AWAY,125,132,37,30,25,36,37,39,26,27,0,OPP,True,https://www.espn.com/nba/game/_/gameId/401810253/heat-knicks,,,,,,
2025-12-20T00:00:00+00:00,2026,REG,Miami Heat,Boston Celtics,AWAY,116,129,29,30,29,28,31,34,27,37,0,OPP,True,https://www.espn.com/nba/game/_/gameId/401810236/heat-celtics,,,,,,
2025-12-19T00:30:00+00:00,2026,REG,Miami Heat,Brooklyn Nets,AWAY,106,95,30,27,24,22,23,24,29,22,0,TEAM,True,https://www.espn.com/nba/game/_/gameId/401810228/heat-nets,,,,,,
2025-12-16T00:30:00+00:00,2026,REG,Miami Heat,Toronto Raptors,HOME,96,106,22,23,30,23,25,28,19,32,0,OPP,True,https://www.espn.com/nba/game/_/gameId/401839023/raptors-heat,,,,,,
2025-12-09T23:00:00+00:00,2026,REG,Miami Heat,Orlando Magic,AWAY,108,117,30,17,27,39,26,33,25,28,0,OPP,True,https://www.espn.com/nba/game/_/gameId/401809833/heat-magic,,,,,,
2025-12-07T01:00:00+00:00,2026,REG,Miami Heat,Sacramento Kings,HOME,111,127,31,34,24,38,23,29,33,26,0,OPP,True,https://www.espn.com/nba/game/_/gameId/401810209/kings-heat,,,,,,
2025-12-06T00:00:00+00:00,2026,REG,Miami Heat,Orlando Magic,AWAY,105,106,28,30,32,27,19,30,26,19,0,OPP,True,https://www.espn.com/nba/game/_/gameId/401810194/heat-magic,,,,,,
2025-12-04T01:30:00+00:00,2026,REG,Miami Heat,Dallas Mavericks,AWAY,108,118,33,28,21,36,26,29,28,25,0,OPP,True,https://www.espn.com/nba/game/_/gameId/401810187/heat-mavericks,,,,,,
2025-12-02T00:30:00+00:00,2026,REG,Miami Heat,LA Clippers,HOME,140,123,35,24,41,32,38,26,26,41,0,TEAM,True,https://www.espn.com/nba/game/_/gameId/401810168/clippers-heat,,,,,,
2025-11-30T01:00:00+00:00,2026,REG,Miami Heat,Detroit Pistons,HOME,135,138,23,36,36,35,32,37,44,30,0,OPP,True,https://www.espn.com/nba/game/_/gameId/401810151/pistons-heat,,,,,,
2025-11-27T00:30:00+00:00,2026,REG,Miami Heat,Milwaukee Bucks,HOME,106,103,29,27,24,20,28,30,25,26,0,TEAM,True,https://www.espn.com/nba/game/_/gameId/401809804/bucks-heat,,,,,,
2025-11-25T00:30:00+00:00,2026,REG,Miami Heat,Dallas Mavericks,HOME,106,102,20,19,32,25,28,28,26,30,0,TEAM,True,https://www.espn.com/nba/game/_/gameId/401810141/mavericks-heat,,,,,,
2025-11-23T18:00:00+00:00,2026,REG,Miami Heat,Philadelphia 76ers,AWAY,127,117,37,27,34,40,28,26,28,24,0,TEAM,True,https://www.espn.com/nba/game/_/gameId/401810130/heat-76ers,,,,,,
2025-11-22T01:00:00+00:00,2026,REG,Miami Heat,Chicago Bulls,AWAY,143,107,36,32,34,20,32,23,41,32,0,TEAM,True,https://www.espn.com/nba/game/_/gameId/401809793/heat-bulls,,,,,,
2025-11-20T00:30:00+00:00,2026,REG,Miami Heat,Golden State Warriors,HOME,110,96,29,20,20,25,23,29,38,22,0,TEAM,True,https://www.espn.com/nba/game/_/gameId/401810112/warriors-heat,,,,,,
2025-11-18T00:30:00+00:00,2026,REG,Miami Heat,New York Knicks,HOME,115,113,25,20,30,31,28,31,32,31,0,TEAM,True,https://www.espn.com/nba/game/_/gameId/401810099/knicks-heat,,,,,,
2025-11-15T00:00:00+00:00,2026,REG,Miami Heat,New York Knicks,AWAY,132,140,35,32,33,46,36,32,28,30,0,OPP,True,https://www.espn.com/nba/game/_/gameId/401809781/heat-knicks,,,,,,
2025-11-13T00:30:00+00:00,2026,REG,Miami Heat,Cleveland Cavaliers,HOME,116,130,38,29,31,37,28,27,19,37,0,OPP,True,https://www.espn.com/nba/game/_/gameId/401810072/cavaliers-heat,,,,,,
2025-11-11T00:30:00+00:00,2026,REG,Miami Heat,Cleveland Cavaliers,HOME,140,138,25,30,37,23,39,39,27,36,1,TEAM,True,https://www.espn.com/nba/game/_/gameId/401810056/cavaliers-heat,12,,,10,,
2025-11-09T01:00:00+00:00,2026,REG,Miami Heat,Portland Trail Blazers,HOME,136,131,27,30,45,35,28,32,36,34,0,TEAM,True,https://www.espn.com/nba/game/_/gameId/401810042/trail-blazers-heat,,,,,,
2025-11-08T01:00:00+00:00,2026,REG,Miami Heat,Charlotte Hornets,HOME,126,108,53,33,19,36,22,19,32,20,0,TEAM,True,https://www.espn.com/nba/game/_/gameId/401809775/hornets-heat,,,,,,
2025-11-06T02:00:00+00:00,2026,REG,Miami Heat,Denver Nuggets,AWAY,112,122,33,36,27,32,26,33,26,21,0,OPP,True,https://www.espn.com/nba/game/_/gameId/401810033/heat-nuggets,,,,,,
2025-11-04T03:30:00+00:00,2026,REG,Miami Heat,LA Clippers,AWAY,120,119,32,30,34,41,37,24,17,24,0,TEAM,True,https://www.espn.com/nba/game/_/gameId/401810019/heat-clippers,,,,,,
2025-11-03T02:30:00+00:00,2026,REG,Miami Heat,Los Angeles Lakers,AWAY,120,130,36,43,27,34,35,25,22,28,0,OPP,True,https://www.espn.com/nba/game/_/gameId/401810010/heat-lakers,,,,,,
2025-10-31T00:30:00+00:00,2026,REG,Miami Heat,San Antonio Spurs,AWAY,101,107,31,33,27,26,14,28,29,20,0,OPP,True,https://www.espn.com/nba/game/_/gameId/401809996/heat-spurs,,,,,,
2025-10-28T23:30:00+00:00,2026,REG,Miami Heat,Charlotte Hornets,HOME,144,117,37,34,39,26,29,28,39,29,0,TEAM,True,https://www.espn.com/nba/game/_/gameId/401809979/hornets-heat,,,,,,
2025-10-26T22:00:00+00:00,2026,REG,Miami Heat,New York Knicks,HOME,115,107,24,27,33,27,31,27,27,26,0,TEAM,True,https://www.espn.com/nba/game/_/gameId/401809963/knicks-heat,,,,,,
2025-10-25T00:00:00+00:00,2026,REG,Miami Heat,Memphis Grizzlies,AWAY,146,114,44,25,42,22,28,29,32,38,0,TEAM,True,https://www.espn.com/nba/game/_/gameId/401809948/heat-grizzlies,,,,,,
2025-10-22T23:00:00+00:00,2026,REG,Miami Heat,Orlando Magic,AWAY,121,125,39,38,26,31,26,21,30,35,0,OPP,True,https://www.espn.com/nba/game/_/gameId/401809934/heat-magic,,,,,,
2025-04-28T23:30:00+00:00,2025,POST,Miami Heat,Cleveland Cavaliers,HOME,83,138,17,43,16,29,30,39,20,27,0,OPP,True,https://www.espn.com/nba/game/_/gameId/401768037/cavaliers-heat,,,,,,
2025-04-26T17:00:00+00:00,2025,POST,Miami Heat,Cleveland Cavaliers,HOME,87,124,20,33,22,29,22,26,23,36,0,OPP,True,https://www.espn.com/nba/game/_/gameId/401768036/cavaliers-heat,,,,,,
2025-04-23T23:30:00+00:00,2025,POST,Miami Heat,Cleveland Cavaliers,AWAY,112,121,24,25,27,43,29,25,32,28,0,OPP,True,https://www.espn.com/nba/game/_/gameId/401768035/heat-cavaliers,,,,,,
2025-04-20T23:00:00+00:00,2025,POST,Miami Heat,Cleveland Cavaliers,AWAY,100,121,24,31,30,31,25,25,21,34,0,OPP,True,https://www.espn.com/nba/game/_/gameId/401767816/heat-cavaliers,,,,,,
2025-04-13T17:00:00+00:00,2025,REG,Miami Heat,Washington Wizards,HOME,118,119,28,30,32,36,26,28,32,25,0,OPP,True,https://www.espn.com/nba/game/_/gameId/401705756/wizards-heat,,,,,,
2025-04-12T00:00:00+00:00,2025,REG,Miami Heat,New Orleans Pelicans,AWAY,153,104,35,24,36,30,39,18,43,32,0,TEAM,True,https://www.espn.com/nba/game/_/gameId/401705743/heat-pelicans,,,,,,
2025-04-10T00:00:00+00:00,2025,REG,Miami Heat,Chicago Bulls,AWAY,111,119,32,27,20,31,32,34,27,27,0,OPP,True,https://www.espn.com/nba/game/_/gameId/401705726/heat-bulls,,,,,,
2025-04-07T23:30:00+00:00,2025,REG,Miami Heat,Philadelphia 76ers,HOME,117,105,29,28,32,25,22,30,34,22,0,TEAM,True,https://www.espn.com/nba/game/_/gameId/401705711/76ers-heat,,,,,,
2025-04-06T00:00:00+00:00,2025,REG,Miami Heat,Milwaukee Bucks,HOME,115,121,30,22,27,35,31,24,23,30,1,OPP,True,https://www.espn.com/nba/game/_/gameId/401705697/bucks-heat,4,,,10,,
2025-04-03T23:30:00+00:00,2025,REG,Miami Heat,Memphis Grizzlies,HOME,108,110,27,22,23,27,35,35,23,26,0,OPP,True,https://www.espn.com/nba/game/_/gameId/401705680/grizzlies-heat,,,,,,
2025-04-02T23:30:00+00:00,2025,REG,Miami Heat,Boston Celtics,AWAY,124,103,29,22,30,23,32,36,33,22,0,TEAM,True,https://www.espn.com/nba/game/_/gameId/401705672/heat-celtics,,,,,,
2025-03-31T23:00:00+00:00,2025,REG,Miami Heat,Washington Wizards,AWAY,120,94,36,23,22,24,34,28,28,19,0,TEAM,True,https://www.espn.com/nba/game/_/gameId/401705658/heat-wizards,,,,,,
2025-03-29T23:30:00+00:00,2025,REG,Miami Heat,Philadelphia 76ers,AWAY,118,95,34,29,28,24,34,22,22,20,0,TEAM,True,https://www.espn.com/nba/game/_/gameId/401705642/heat-76ers,,,,,,
2025-03-27T23:30:00+00:00,2025,REG,Miami Heat,Atlanta Hawks,HOME,122,112,22,32,38,23,33,25,29,32,0,TEAM,True,https://www.espn.com/nba/game/_/gameId/401705628/hawks-heat,,,,,,
2025-03-25T23:30:00+00:00,2025,REG,Miami Heat,Golden State Warriors,HOME,112,86,28,22,29,18,26,30,29,16,0,TEAM,True,https://www.espn.com/nba/game/_/gameId/401705613/warriors-heat,,,,,,
2025-03-23T22:00:00+00:00,2025,REG,Miami Heat,Charlotte Hornets,HOME,122,105,20,26,37,21,39,28,26,30,0,TEAM,True,https://www.espn.com/nba/game/_/gameId/401705598/hornets-heat,,,,,,
2025-03-22T00:00:00+00:00,2025,REG,Miami Heat,Houston Rockets,HOME,98,102,27,23,32,28,21,27,18,24,0,OPP,True,https://www.espn.com/nba/game/_/gameId/401705581/rockets-heat,,,,,,
2025-03-19T23:30:00+00:00,2025,REG,Miami Heat,Detroit Pistons,HOME,113,116,32,22,28,36,33,30,20,28,0,OPP,True,https://www.espn.com/nba/game/_/gameId/401705566/pistons-heat,,,,,,
2025-03-17T23:30:00+00:00,2025,REG,Miami Heat,New York Knicks,AWAY,95,116,29,18,20,29,15,41,31,28,0,OPP,True,https://www.espn.com/nba/game/_/gameId/401705550/heat-knicks,,,,,,
2025-03-16T00:00:00+00:00,2025,REG,Miami Heat,Memphis Grizzlies,AWAY,91,125,27,38,21,25,19,31,24,31,0,OPP,True,https://www.espn.com/nba/game/_/gameId/401705537/heat-grizzlies,,,,,,
2025-03-14T23:00:00+00:00,2025,REG,Miami Heat,Boston Celtics,HOME,91,103,23,30,27,20,27,28,14,25,0,OPP,True,https://www.espn.com/nba/game/_/gameId/401705524/celtics-heat,,,,,,
2025-03-13T00:00:00+00:00,2025,REG,Miami Heat,LA Clippers,HOME,104,119,20,30,32,27,32,35,20,27,0,OPP,True,https://www.espn.com/nba/game/_/gameId/401705514/clippers-heat,,,,,,
2025-03-10T23:30:00+00:00,2025,REG,Miami Heat,Charlotte Hornets,HOME,102,105,34,21,24,31,19,21,25,32,0,OPP,True,https://www.espn.com/nba/game/_/gameId/401705497/hornets-heat,,,,,,
2025-03-09T01:00:00+00:00,2025,REG,Miami Heat,Chicago Bulls,HOME,109,114,36,24,19,24,34,30,20,36,0,OPP,True,https://www.espn.com/nba/game/_/gameId/401705482/bulls-heat,,,,,,
2025-03-08T01:00:00+00:00,2025,REG,Miami Heat,Minnesota Timberwolves,HOME,104,106,25,33,27,19,28,28,24,26,0,OPP,True,https://www.espn.com/nba/game/_/gameId/401705473/timberwolves-heat,,,,,,
2025-03-06T00:00:00+00:00,2025,REG,Miami Heat,Cleveland Cavaliers,AWAY,107,112,32,36,27,27,23,23,25,26,0,OPP,True,https://www.espn.com/nba/game/_/gameId/401705459/heat-cavaliers,,,,,,
2025-03-04T00:30:00+00:00,2025,REG,Miami Heat,Washington Wizards,HOME,106,90,32,24,23,12,26,32,25,22,0,TEAM,True,https://www.espn.com/nba/game/_/gameId/401705443/wizards-heat,,,,,,
2025-03-02T23:00:00+00:00,2025,REG,Miami Heat,New York Knicks,HOME,112,116,27,22,35,23,25,36,18,24,1,OPP,True,https://www.espn.com/nba/game/_/gameId/401705435/knicks-heat,7,,,11,,
2025-03-01T01:00:00+00:00,2025,REG,Miami Heat,Indiana Pacers,HOME,125,120,29,35,39,34,29,23,28,28,0,TEAM,True,https://www.espn.com/nba/game/_/gameId/401705420/pacers-heat,,,,,,
2025-02-27T00:30:00+00:00,2025,REG,Miami Heat,Atlanta Hawks,HOME,131,109,29,28,36,37,42,28,24,16,0,TEAM,True,https://www.espn.com/nba/game/_/gameId/401705407/hawks-heat,,,,,,
2025-02-25T00:30:00+00:00,2025,REG,Miami Heat,Atlanta Hawks,AWAY,86,98,22,23,20,27,23,23,21,25,0,OPP,True,https://www.espn.com/nba/game/_/gameId/401705391/heat-hawks,,,,,,
2025-02-23T23:00:00+00:00,2025,REG,Miami Heat,Milwaukee Bucks,AWAY,113,120,37,23,28,32,28,30,20,35,0,OPP,True,https://www.espn.com/nba/game/_/gameId/401705383/heat-bucks,,,,,,
2025-02-22T00:30:00+00:00,2025,REG,Miami Heat,Toronto Raptors,AWAY,120,111,30,19,27,29,27,32,23,27,1,TEAM,True,https://www.espn.com/nba/game/_/gameId/401705366/heat-raptors,13,,,4,,
2025-02-14T01:30:00+00:00,2025,REG,Miami Heat,Dallas Mavericks,AWAY,113,118,22,21,34,34,27,29,30,34,0,OPP,True,https://www.espn.com/nba/game/_/gameId/401705352/heat-mavericks,,,,,,
2025-02-13T01:00:00+00:00,2025,REG,Miami Heat,Oklahoma City Thunder,AWAY,101,115,35,23,28,29,30,31,8,32,0,OPP,True,https://www.espn.com/nba/game/_/gameId/401705344/heat-thunder,,,,,,
2025-02-11T00:30:00+00:00,2025,REG,Miami Heat,Boston Celtics,HOME,85,103,24,18,19,34,22,36,20,15,0,OPP,True,https://www.espn.com/nba/game/_/gameId/401705325/celtics-heat,,,,,,
2025-02-08T00:30:00+00:00,2025,REG,Miami Heat,Brooklyn Nets,AWAY,86,102,26,28,27,25,24,18,9,31,0,OPP,True,https://www.espn.com/nba/game/_/gameId/401705303/heat-nets,,,,,,
2025-02-06T00:30:00+00:00,2025,REG,Miami Heat,Philadelphia 76ers,AWAY,108,101,29,25,33,32,24,22,22,22,0,TEAM,True,https://www.espn.com/nba/game/_/gameId/401705287/heat-76ers,,,,,,
2025-02-05T01:00:00+00:00,2025,REG,Miami Heat,Chicago Bulls,AWAY,124,133,37,32,33,28,33,34,21,39,0,OPP,True,https://www.espn.com/nba/game/_/gameId/401705280/heat-bulls,,,,,,
2025-02-02T01:30:00+00:00,2025,REG,Miami Heat,San Antonio Spurs,AWAY,105,103,33,33,27,23,25,26,20,21,0,TEAM,True,https://www.espn.com/nba/game/_/gameId/401705259/heat-spurs,,,,,,
2025-01-30T00:30:00+00:00,2025,REG,Miami Heat,Cleveland Cavaliers,HOME,106,126,21,31,20,28,43,35,22,32,0,OPP,True,https://www.espn.com/nba/game/_/gameId/401705233/cavaliers-heat,,,,,,
2025-01-28T00:30:00+00:00,2025,REG,Miami Heat,Orlando Magic,HOME,125,119,27,29,28,30,24,29,29,20,2,TEAM,True,https://www.espn.com/nba/game/_/gameId/401705218/magic-heat,8,9,,8,3,
2025-01-25T23:00:00+00:00,2025,REG,Miami Heat,Brooklyn Nets,AWAY,106,97,24,17,29,32,29,19,24,29,0,TEAM,True,https://www.espn.com/nba/game/_/gameId/401705202/heat-nets,,,,,,
2025-01-24T01:30:00+00:00,2025,REG,Miami Heat,Milwaukee Bucks,AWAY,96,125,30,27,25,44,19,23,22,31,0,OPP,True,https://www.espn.com/nba/game/_/gameId/401705190/heat-bucks,,,,,,
2025-01-22T00:30:00+00:00,2025,REG,Miami Heat,Portland Trail Blazers,HOME,107,116,38,34,17,27,22,36,30,19,0,OPP,True,https://www.espn.com/nba/game/_/gameId/401705173/trail-blazers-heat,,,,,,
2025-01-19T20:00:00+00:00,2025,REG,Miami Heat,San Antonio Spurs,HOME,128,107,20,30,26,11,46,27,36,39,0,TEAM,True,https://www.espn.com/nba/game/_/gameId/401705158/spurs-heat,,,,,,
2025-01-18T01:00:00+00:00,2025,REG,Miami Heat,Denver Nuggets,HOME,113,133,24,30,31,37,31,31,27,35,0,OPP,True,https://www.espn.com/nba/game/_/gameId/401705145/nuggets-heat,,,,,,
2025-01-16T03:00:00+00:00,2025,REG,Miami Heat,Los Angeles Lakers,AWAY,108,117,38,34,28,20,19,29,23,34,0,OPP,True,https://www.espn.com/nba/game/_/gameId/401705136/heat-lakers,,,,,,
2025-01-14T03:30:00+00:00,2025,REG,Miami Heat,LA Clippers,AWAY,98,109,35,28,13,15,20,36,30,30,0,OPP,True,https://www.espn.com/nba/game/_/gameId/401705119/heat-clippers,,,,,,
2025-01-12T03:00:00+00:00,2025,REG,Miami Heat,Portland Trail Blazers,AWAY,119,98,29,23,37,25,28,35,25,15,0,TEAM,True,https://www.espn.com/nba/game/_/gameId/401705102/heat-trail-blazers,,,,,,
2025-01-10T02:00:00+00:00,2025,REG,Miami Heat,Utah Jazz,AWAY,97,92,20,27,26,14,22,29,29,22,0,TEAM,True,https://www.espn.com/nba/game/_/gameId/401705089/heat-jazz,,,,,,
2025-01-08T03:00:00+00:00,2025,REG,Miami Heat,Golden State Warriors,AWAY,114,98,29,23,32,25,23,30,30,20,0,TEAM,True,https://www.espn.com/nba/game/_/gameId/401705074/heat-warriors,,,,,,
2025-01-07T03:00:00+00:00,2025,REG,Miami Heat,Sacramento Kings,AWAY,118,123,28,23,19,27,31,18,24,34,2,OPP,True,https://www.espn.com/nba/game/_/gameId/401705067/heat-kings,10,6,,10,11,
2025-01-05T01:00:00+00:00,2025,REG,Miami Heat,Utah Jazz,HOME,100,136,22,22,19,40,25,36,34,38,0,OPP,True,https://www.espn.com/nba/game/_/gameId/401705047/jazz-heat,,,,,,
2025-01-03T00:30:00+00:00,2025,REG,Miami Heat,Indiana Pacers,HOME,115,128,25,38,25,28,33,41,32,21,0,OPP,True,https://www.espn.com/nba/game/_/gameId/401705029/pacers-heat,,,,,,
2025-01-02T00:30:00+00:00,2025,REG,Miami Heat,New Orleans Pelicans,HOME,119,108,36,24,20,27,34,25,29,32,0,TEAM,True,https://www.espn.com/nba/game/_/gameId/401705023/pelicans-heat,,,,,,
2024-12-30T00:00:00+00:00,2025,REG,Miami Heat,Houston Rockets,AWAY,104,100,31,27,22,23,28,32,23,18,0,TEAM,True,https://www.espn.com/nba/game/_/gameId/401705005/heat-rockets,,,,,,
2024-12-28T20:00:00+00:00,2025,REG,Miami Heat,Atlanta Hawks,AWAY,110,120,28,35,30,26,26,32,26,27,0,OPP,True,https://www.espn.com/nba/game/_/gameId/401704993/heat-hawks,,,,,,
2024-12-27T00:00:00+00:00,2025,REG,Miami Heat,Orlando Magic,AWAY,89,88,22,31,19,21,20,19,28,17,0,TEAM,True,https://www.espn.com/nba/game/_/gameId/401704977/heat-magic,,,,,,
2024-12-24T00:30:00+00:00,2025,REG,Miami Heat,Brooklyn Nets,HOME,110,95,39,28,19,29,25,21,27,17,0,TEAM,True,https://www.espn.com/nba/game/_/gameId/401704962/nets-heat,,,,,,
2024-12-22T00:00:00+00:00,2025,REG,Miami Heat,Orlando Magic,AWAY,114,121,40,28,36,28,30,28,8,37,0,OPP,True,https://www.espn.com/nba/game/_/gameId/401704943/heat-magic,,,,,,
2024-12-21T01:00:00+00:00,2025,REG,Miami Heat,Oklahoma City Thunder,HOME,97,104,25,30,22,20,23,31,27,23,0,OPP,True,https://www.espn.com/nba/game/_/gameId/401704941/thunder-heat,,,,,,
2024-12-17T00:00:00+00:00,2025,REG,Miami Heat,Detroit Pistons,AWAY,124,125,32,33,27,30,22,34,33,17,1,OPP,True,https://www.espn.com/nba/game/_/gameId/401736816/heat-pistons,10,,,11,,
2024-12-13T00:30:00+00:00,2025,REG,Miami Heat,Toronto Raptors,HOME,114,104,23,27,35,24,31,25,25,28,0,TEAM,True,https://www.espn.com/nba/game/_/gameId/401736800/raptors-heat,,,,,,
2024-12-08T23:00:00+00:00,2025,REG,Miami Heat,Cleveland Cavaliers,HOME,122,113,21,25,38,26,31,29,32,33,0,TEAM,True,https://www.espn.com/nba/game/_/gameId/401704917/cavaliers-heat,,,,,,
2024-12-08T01:00:00+00:00,2025,REG,Miami Heat,Phoenix Suns,HOME,121,111,26,29,27,29,34,24,34,29,0,TEAM,True,https://www.espn.com/nba/game/_/gameId/401704912/suns-heat,,,,,,
2024-12-05T00:30:00+00:00,2025,REG,Miami Heat,Los Angeles Lakers,HOME,134,93,34,26,35,26,36,20,29,21,0,TEAM,True,https://www.espn.com/nba/game/_/gameId/401704887/lakers-heat,,,,,,
2024-12-03T00:30:00+00:00,2025,REG,Miami Heat,Boston Celtics,AWAY,89,108,25,28,20,32,18,25,26,23,0,OPP,True,https://www.espn.com/nba/game/_/gameId/401704882/heat-celtics,,,,,,
2024-12-01T23:00:00+00:00,2025,REG,Miami Heat,Toronto Raptors,AWAY,116,119,24,34,36,31,27,33,29,21,0,OPP,True,https://www.espn.com/nba/game/_/gameId/401704875/heat-raptors,,,,,,
2024-11-30T01:00:00+00:00,2025,REG,Miami Heat,Toronto Raptors,HOME,121,111,20,21,38,40,38,23,25,27,0,TEAM,True,https://www.espn.com/nba/game/_/gameId/401703415/raptors-heat,,,,,,
2024-11-28T00:00:00+00:00,2025,REG,Miami Heat,Charlotte Hornets,AWAY,98,94,26,26,24,13,25,19,23,36,0,TEAM,True,https://www.espn.com/nba/game/_/gameId/401704852/heat-hornets,,,,,,
2024-11-27T00:30:00+00:00,2025,REG,Miami Heat,Milwaukee Bucks,HOME,103,106,20,31,31,34,29,20,23,21,0,OPP,True,https://www.espn.com/nba/game/_/gameId/401703405/bucks-heat,,,,,,
2024-11-24T23:00:00+00:00,2025,REG,Miami Heat,Dallas Mavericks,HOME,123,118,33,28,23,23,33,33,25,30,1,TEAM,True,https://www.espn.com/nba/game/_/gameId/401704839/mavericks-heat,9,,,4,,
2024-11-19T00:30:00+00:00,2025,REG,Miami Heat,Philadelphia 76ers,HOME,106,89,25,33,28,23,35,16,18,17,0,TEAM,True,https://www.espn.com/nba/game/_/gameId/401704811/76ers-heat,,,,,,
2024-11-17T22:00:00+00:00,2025,REG,Miami Heat,Indiana Pacers,AWAY,110,119,20,28,29,24,26,33,35,34,0,OPP,True,https://www.espn.com/nba/game/_/gameId/401704801/heat-pacers,,,,,,
2024-11-16T00:00:00+00:00,2025,REG,Miami Heat,Indiana Pacers,AWAY,124,111,26,29,35,26,37,30,26,26,0,TEAM,True,https://www.espn.com/nba/game/_/gameId/401703378/heat-pacers,,,,,,
2024-11-13T00:00:00+00:00,2025,REG,Miami Heat,Detroit Pistons,AWAY,121,123,21,32,30,25,31,34,29,20,1,OPP,True,https://www.espn.com/nba/game/_/gameId/401703371/heat-pistons,10,,,12,,
2024-11-11T00:00:00+00:00,2025,REG,Miami Heat,Minnesota Timberwolves,AWAY,95,94,27,20,25,31,16,20,27,23,0,TEAM,True,https://www.espn.com/nba/game/_/gameId/401704772/heat-timberwolves,,,,,,
2024-11-09T02:00:00+00:00,2025,REG,Miami Heat,Denver Nuggets,AWAY,122,135,27,40,33,31,30,33,32,31,0,OPP,True,https://www.espn.com/nba/game/_/gameId/401704760/heat-nuggets,,,,,,
2024-11-07T02:00:00+00:00,2025,REG,Miami Heat,Phoenix Suns,AWAY,112,115,25,26,33,29,29,29,25,31,0,OPP,True,https://www.espn.com/nba/game/_/gameId/401704744/heat-suns,,,,,,
2024-11-05T01:15:00+00:00,2025,REG,Miami Heat,Sacramento Kings,HOME,110,111,25,22,36,26,17,37,32,26,0,OPP,True,https://www.espn.com/nba/game/_/gameId/401704725/kings-heat,,,,,,
2024-11-03T01:30:00+00:00,2025,REG,Miami Heat,Washington Wizards,AWAY,118,98,31,21,25,27,33,22,29,28,0,TEAM,True,https://www.espn.com/nba/game/_/gameId/401704713/heat-wizards,,,,,,
2024-10-30T23:30:00+00:00,2025,REG,Miami Heat,New York Knicks,HOME,107,116,32,26,26,26,22,35,27,29,0,OPP,True,https://www.espn.com/nba/game/_/gameId/401704688/knicks-heat,,,,,,
2024-10-28T23:30:00+00:00,2025,REG,Miami Heat,Detroit Pistons,HOME,106,98,28,30,36,23,14,26,28,19,0,TEAM,True,https://www.espn.com/nba/game/_/gameId/401704671/pistons-heat,,,,,,
2024-10-26T23:00:00+00:00,2025,REG,Miami Heat,Charlotte Hornets,AWAY,114,106,23,23,33,25,27,24,31,34,0,TEAM,True,https://www.espn.com/nba/game/_/gameId/401704654/heat-hornets,,,,,,
2024-10-23T23:30:00+00:00,2025,REG,Miami Heat,Orlando Magic,HOME,97,116,32,32,22,26,18,39,25,19,0,OPP,True,https://www.espn.com/nba/game/_/gameId/401704631/magic-heat,,,,,,
2024-05-01T23:30:00+00:00,2024,POST,Miami Heat,Boston Celtics,AWAY,84,118,23,41,23,27,20,30,18,20,0,OPP,True,https://www.espn.com/nba/game/_/gameId/401655103/heat-celtics,,,,,,
2024-04-29T23:30:00+00:00,2024,POST,Miami Heat,Boston Celtics,HOME,88,102,24,34,12,19,23,28,29,21,0,OPP,True,https://www.espn.com/nba/game/_/gameId/401655102/celtics-heat,,,,,,
2024-04-27T22:00:00+00:00,2024,POST,Miami Heat,Boston Celtics,HOME,84,104,12,21,27,42,22,24,23,17,0,OPP,True,https://www.espn.com/nba/game/_/gameId/401655101/celtics-heat,,,,,,
2024-04-24T23:00:00+00:00,2024,POST,Miami Heat,Boston Celtics,AWAY,111,101,28,27,30,34,27,18,26,22,0,TEAM,True,https://www.espn.com/nba/game/_/gameId/401655100/heat-celtics,,,,,,
2024-04-21T17:00:00+00:00,2024,POST,Miami Heat,Boston Celtics,AWAY,94,114,21,26,24,34,14,31,35,23,0,OPP,True,https://www.espn.com/nba/game/_/gameId/401654760/heat-celtics,,,,,,
2024-04-14T17:00:00+00:00,2024,REG,Miami Heat,Toronto Raptors,HOME,118,103,24,24,43,22,27,25,24,32,0,TEAM,True,https://www.espn.com/nba/game/_/gameId/401585817/raptors-heat,,,,,,
2024-04-13T00:00:00+00:00,2024,REG,Miami Heat,Toronto Raptors,HOME,125,103,33,22,33,28,26,25,33,28,0,TEAM,True,https://www.espn.com/nba/game/_/gameId/401585804/raptors-heat,,,,,,
2024-04-10T23:30:00+00:00,2024,REG,Miami Heat,Dallas Mavericks,HOME,92,111,24,33,23,36,27,19,18,23,0,OPP,True,https://www.espn.com/nba/game/_/gameId/401585789/mavericks-heat,,,,,,
2024-04-09T23:30:00+00:00,2024,REG,Miami Heat,Atlanta Hawks,AWAY,117,111,30,27,29,20,21,33,21,21,2,TEAM,True,https://www.espn.com/nba/game/_/gameId/401585775/heat-hawks,6,10,,6,4,
2024-04-07T21:00:00+00:00,2024,REG,Miami Heat,Indiana Pacers,AWAY,115,117,24,38,22,25,32,28,37,26,0,OPP,True,https://www.espn.com/nba/game/_/gameId/401585761/heat-pacers,,,,,,
2024-04-06T00:00:00+00:00,2024,REG,Miami Heat,Houston Rockets,AWAY,119,104,27,27,37,32,29,24,26,21,0,TEAM,True,https://www.espn.com/nba/game/_/gameId/401585748/heat-rockets,,,,,,
2024-04-04T23:30:00+00:00,2024,REG,Miami Heat,Philadelphia 76ers,HOME,105,109,29,39,26,24,33,24,17,22,0,OPP,True,https://www.espn.com/nba/game/_/gameId/401585739/76ers-heat,,,,,,
2024-04-02T23:30:00+00:00,2024,REG,Miami Heat,New York Knicks,HOME,109,99,34,22,24,21,25,30,26,26,0,TEAM,True,https://www.espn.com/nba/game/_/gameId/401585724/knicks-heat,,,,,,
2024-03-31T22:00:00+00:00,2024,REG,Miami Heat,Washington Wizards,AWAY,119,107,29,29,37,30,29,21,24,27,0,TEAM,True,https://www.espn.com/nba/game/_/gameId/401585709/heat-wizards,,,,,,
2024-03-30T00:00:00+00:00,2024,REG,Miami Heat,Portland Trail Blazers,HOME,142,82,29,19,45,21,33,23,35,19,0,TEAM,True,https://www.espn.com/nba/game/_/gameId/401585696/trail-blazers-heat,,,,,,
2024-03-26T23:30:00+00:00,2024,REG,Miami Heat,Golden State Warriors,HOME,92,113,26,24,29,29,20,32,17,28,0,OPP,True,https://www.espn.com/nba/game/_/gameId/401585672/warriors-heat,,,,,,
2024-03-24T22:00:00+00:00,2024,REG,Miami Heat,Cleveland Cavaliers,HOME,121,84,32,22,28,17,30,18,31,27,0,TEAM,True,https://www.espn.com/nba/game/_/gameId/401585657/cavaliers-heat,,,,,,
2024-03-23T00:00:00+00:00,2024,REG,Miami Heat,New Orleans Pelicans,HOME,88,111,20,21,22,25,24,30,22,35,0,OPP,True,https://www.espn.com/nba/game/_/gameId/401585641/pelicans-heat,,,,,,
2024-03-20T23:00:00+00:00,2024,REG,Miami Heat,Cleveland Cavaliers,AWAY,107,104,31,30,30,27,22,18,24,29,0,TEAM,True,https://www.espn.com/nba/game/_/gameId/401585624/heat-cavaliers,,,,,,
2024-03-18T23:30:00+00:00,2024,REG,Miami Heat,Philadelphia 76ers,AWAY,91,98,23,31,26,20,16,28,26,19,0,OPP,True,https://www.espn.com/nba/game/_/gameId/401585613/heat-76ers,,,,,,
2024-03-17T19:00:00+00:00,2024,REG,Miami Heat,Detroit Pistons,AWAY,104,101,21,23,39,27,19,26,25,25,0,TEAM,True,https://www.espn.com/nba/game/_/gameId/401585605/heat-pistons,,,,,,
2024-03-15T23:00:00+00:00,2024,REG,Miami Heat,Detroit Pistons,AWAY,108,95,27,28,29,26,28,18,24,23,0,TEAM,True,https://www.espn.com/nba/game/_/gameId/401585590/heat-pistons,,,,,,
2024-03-13T23:30:00+00:00,2024,REG,Miami Heat,Denver Nuggets,HOME,88,100,19,26,25,24,27,22,17,28,0,OPP,True,https://www.espn.com/nba/game/_/gameId/401585577/nuggets-heat,,,,,,
2024-03-10T22:00:00+00:00,2024,REG,Miami Heat,Washington Wizards,HOME,108,110,27,25,27,23,28,33,26,29,0,OPP,True,https://www.espn.com/nba/game/_/gameId/401585554/wizards-heat,,,,,,
2024-03-09T01:00:00+00:00,2024,REG,Miami Heat,Oklahoma City Thunder,AWAY,100,107,29,27,28,20,16,30,27,30,0,OPP,True,https://www.espn.com/nba/game/_/gameId/401585542/heat-thunder,,,,,,
2024-03-08T00:30:00+00:00,2024,REG,Miami Heat,Dallas Mavericks,AWAY,108,114,36,28,22,26,25,37,25,23,0,OPP,True,https://www.espn.com/nba/game/_/gameId/401585532/heat-mavericks,,,,,,
2024-03-06T00:30:00+00:00,2024,REG,Miami Heat,Detroit Pistons,HOME,118,110,36,26,25,34,32,28,25,22,0,TEAM,True,https://www.espn.com/nba/game/_/gameId/401585516/pistons-heat,,,,,,
2024-03-02T22:00:00+00:00,2024,REG,Miami Heat,Utah Jazz,HOME,126,120,30,34,28,28,32,28,36,30,0,TEAM,True,https://www.espn.com/nba/game/_/gameId/401585495/jazz-heat,,,,,,
2024-03-01T03:00:00+00:00,2024,REG,Miami Heat,Denver Nuggets,AWAY,97,103,20,36,31,20,19,27,27,20,0,OPP,True,https://www.espn.com/nba/game/_/gameId/401585483/heat-nuggets,,,,,,
2024-02-28T03:00:00+00:00,2024,REG,Miami Heat,Portland Trail Blazers,AWAY,106,96,15,28,31,28,34,20,26,20,0,TEAM,True,https://www.espn.com/nba/game/_/gameId/401585470/heat-trail-blazers,,,,,,
2024-02-27T03:00:00+00:00,2024,REG,Miami Heat,Sacramento Kings,AWAY,121,110,32,33,33,29,36,19,20,29,0,TEAM,True,https://www.espn.com/nba/game/_/gameId/401585459/heat-kings,,,,,,
2024-02-24T01:00:00+00:00,2024,REG,Miami Heat,New Orleans Pelicans,AWAY,106,95,31,24,27,34,26,22,22,15,0,TEAM,True,https://www.espn.com/nba/game/_/gameId/401585438/heat-pelicans,,,,,,
2024-02-15T00:00:00+00:00,2024,REG,Miami Heat,Philadelphia 76ers,AWAY,109,104,33,33,27,29,23,20,26,22,0,TEAM,True,https://www.espn.com/nba/game/_/gameId/401585407/heat-76ers,,,,,,
2024-02-14T01:00:00+00:00,2024,REG,Miami Heat,Milwaukee Bucks,AWAY,123,97,40,28,29,24,29,24,25,21,0,TEAM,True,https://www.espn.com/nba/game/_/gameId/401585401/heat-bucks,,,,,,
2024-02-11T19:00:00+00:00,2024,REG,Miami Heat,Boston Celtics,HOME,106,110,22,26,28,33,29,27,27,24,0,OPP,True,https://www.espn.com/nba/game/_/gameId/401585387/celtics-heat,,,,,,
2024-02-08T00:30:00+00:00,2024,REG,Miami Heat,San Antonio Spurs,HOME,116,104,32,31,21,20,25,26,38,27,0,TEAM,True,https://www.espn.com/nba/game/_/gameId/401585358/spurs-heat,,,,,,
2024-02-07T00:30:00+00:00,2024,REG,Miami Heat,Orlando Magic,HOME,121,95,26,19,30,30,40,26,25,20,0,TEAM,True,https://www.espn.com/nba/game/_/gameId/401585349/magic-heat,,,,,,
2024-02-04T23:17:00+00:00,2024,REG,Miami Heat,LA Clippers,HOME,95,103,22,19,21,24,24,26,28,34,0,OPP,True,https://www.espn.com/nba/game/_/gameId/401585336/clippers-heat,,,,,,
2024-02-03T00:00:00+00:00,2024,REG,Miami Heat,Washington Wizards,AWAY,110,102,31,33,25,26,31,15,23,28,0,TEAM,True,https://www.espn.com/nba/game/_/gameId/401585317/heat-wizards,,,,,,
2024-02-01T00:30:00+00:00,2024,REG,Miami Heat,Sacramento Kings,HOME,115,106,28,22,31,33,31,29,25,22,0,TEAM,True,https://www.espn.com/nba/game/_/gameId/401585306/kings-heat,,,,,,
2024-01-30T00:30:00+00:00,2024,REG,Miami Heat,Phoenix Suns,HOME,105,118,25,33,24,29,25,38,31,18,0,OPP,True,https://www.espn.com/nba/game/_/gameId/401585289/suns-heat,,,,,,
2024-01-27T20:00:00+00:00,2024,REG,Miami Heat,New York Knicks,AWAY,109,125,30,27,21,34,35,28,23,36,0,OPP,True,https://www.espn.com/nba/game/_/gameId/401585271/heat-knicks,,,,,,
2024-01-26T00:30:00+00:00,2024,REG,Miami Heat,Boston Celtics,HOME,110,143,29,42,35,35,26,36,20,30,0,OPP,True,https://www.espn.com/nba/game/_/gameId/401585258/celtics-heat,,,,,,
2024-01-25T00:30:00+00:00,2024,REG,Miami Heat,Memphis Grizzlies,HOME,96,105,22,21,20,28,26,33,28,23,0,OPP,True,https://www.espn.com/nba/game/_/gameId/401585249/grizzlies-heat,,,,,,
2024-01-21T23:00:00+00:00,2024,REG,Miami Heat,Orlando Magic,AWAY,87,105,19,22,27,26,23,33,18,24,0,OPP,True,https://www.espn.com/nba/game/_/gameId/401585229/heat-magic,,,,,,
2024-01-20T01:00:00+00:00,2024,REG,Miami Heat,Atlanta Hawks,HOME,108,109,24,32,32,25,27,24,25,28,0,OPP,True,https://www.espn.com/nba/game/_/gameId/401585215/hawks-heat,,,,,,
2024-01-18T00:30:00+00:00,2024,REG,Miami Heat,Toronto Raptors,AWAY,97,121,18,41,25,37,30,16,24,27,0,OPP,True,https://www.espn.com/nba/game/_/gameId/401585202/heat-raptors,,,,,,
2024-01-16T00:30:00+00:00,2024,REG,Miami Heat,Brooklyn Nets,AWAY,96,95,16,22,15,23,37,24,20,19,1,TEAM,True,https://www.espn.com/nba/game/_/gameId/401585190/heat-nets,8,,,7,,
2024-01-14T23:00:00+00:00,2024,REG,Miami Heat,Charlotte Hornets,HOME,104,87,26,16,26,15,25,30,27,26,0,TEAM,True,https://www.espn.com/nba/game/_/gameId/401585179/hornets-heat,,,,,,
2024-01-13T01:00:00+00:00,2024,REG,Miami Heat,Orlando Magic,HOME,99,96,30,22,26,33,19,18,24,23,0,TEAM,True,https://www.espn.com/nba/game/_/gameId/401585163/magic-heat,,,,,,
2024-01-11T00:30:00+00:00,2024,REG,Miami Heat,Oklahoma City Thunder,HOME,120,128,35,29,34,36,27,34,24,29,0,OPP,True,https://www.espn.com/nba/game/_/gameId/401585150/thunder-heat,,,,,,
2024-01-09T00:30:00+00:00,2024,REG,Miami Heat,Houston Rockets,HOME,120,113,34,27,25,32,32,23,29,31,0,TEAM,True,https://www.espn.com/nba/game/_/gameId/401585137/rockets-heat,,,,,,
2024-01-06T02:00:00+00:00,2024,REG,Miami Heat,Phoenix Suns,AWAY,97,113,29,33,26,29,20,32,22,19,0,OPP,True,https://www.espn.com/nba/game/_/gameId/401585117/heat-suns,,,,,,
2024-01-04T03:00:00+00:00,2024,REG,Miami Heat,Los Angeles Lakers,AWAY,110,96,25,18,28,27,19,22,38,29,0,TEAM,True,https://www.espn.com/nba/game/_/gameId/401585103/heat-lakers,,,,,,
2024-01-02T03:30:00+00:00,2024,REG,Miami Heat,LA Clippers,AWAY,104,121,35,23,23,36,27,36,19,26,0,OPP,True,https://www.espn.com/nba/game/_/gameId/401585086/heat-clippers,,,,,,
2023-12-30T22:00:00+00:00,2024,REG,Miami Heat,Utah Jazz,AWAY,109,117,28,27,25,27,35,34,21,29,0,OPP,True,https://www.espn.com/nba/game/_/gameId/401585067/heat-jazz,,,,,,
2023-12-29T03:00:00+00:00,2024,REG,Miami Heat,Golden State Warriors,AWAY,114,102,22,25,36,26,33,25,23,26,0,TEAM,True,https://www.espn.com/nba/game/_/gameId/401585054/heat-warriors,,,,,,
2023-12-26T01:00:00+00:00,2024,REG,Miami Heat,Philadelphia 76ers,HOME,119,113,26,22,37,27,23,37,33,27,0,TEAM,True,https://www.espn.com/nba/game/_/gameId/401585032/76ers-heat,,,,,,
2023-12-23T01:00:00+00:00,2024,REG,Miami Heat,Atlanta Hawks,HOME,122,113,33,26,29,34,26,26,34,27,0,TEAM,True,https://www.espn.com/nba/game/_/gameId/401585012/hawks-heat,,,,,,
2023-12-21T00:00:00+00:00,2024,REG,Miami Heat,Orlando Magic,AWAY,115,106,25,24,43,26,21,22,26,34,0,TEAM,True,https://www.espn.com/nba/game/_/gameId/401584994/heat-magic,,,,,,
2023-12-19T00:30:00+00:00,2024,REG,Miami Heat,Minnesota Timberwolves,HOME,108,112,33,22,33,32,17,23,25,35,0,OPP,True,https://www.espn.com/nba/game/_/gameId/401584981/timberwolves-heat,,,,,,
2023-12-17T01:00:00+00:00,2024,REG,Miami Heat,Chicago Bulls,HOME,118,116,36,24,22,33,33,23,27,36,0,TEAM,True,https://www.espn.com/nba/game/_/gameId/401584965/bulls-heat,,,,,,
2023-12-15T00:30:00+00:00,2024,REG,Miami Heat,Chicago Bulls,HOME,116,124,22,36,34,24,32,33,28,31,0,OPP,True,https://www.espn.com/nba/game/_/gameId/401584948/bulls-heat,,,,,,
2023-12-14T00:30:00+00:00,2024,REG,Miami Heat,Charlotte Hornets,HOME,115,104,22,23,34,22,35,25,24,34,0,TEAM,True,https://www.espn.com/nba/game/_/gameId/401584940/hornets-heat,,,,,,
2023-12-12T00:00:00+00:00,2024,REG,Miami Heat,Charlotte Hornets,AWAY,116,114,29,24,30,26,30,27,27,37,0,TEAM,True,https://www.espn.com/nba/game/_/gameId/401584920/heat-hornets,,,,,,
2023-12-09T01:00:00+00:00,2024,REG,Miami Heat,Cleveland Cavaliers,HOME,99,111,25,17,27,36,23,35,24,23,0,OPP,True,https://www.espn.com/nba/game/_/gameId/401616474/cavaliers-heat,,,,,,
2023-12-07T00:30:00+00:00,2024,REG,Miami Heat,Toronto Raptors,AWAY,112,103,37,32,27,34,23,18,25,19,0,TEAM,True,https://www.espn.com/nba/game/_/gameId/401616461/heat-raptors,,,,,,
2023-12-03T01:00:00+00:00,2024,REG,Miami Heat,Indiana Pacers,HOME,129,144,31,25,34,40,33,41,31,38,0,OPP,True,https://www.espn.com/nba/game/_/gameId/401584912/pacers-heat,,,,,,
2023-12-01T00:30:00+00:00,2024,REG,Miami Heat,Indiana Pacers,HOME,142,132,33,38,31,35,33,27,45,32,0,TEAM,True,https://www.espn.com/nba/game/_/gameId/401584895/pacers-heat,,,,,,
2023-11-29T00:30:00+00:00,2024,REG,Miami Heat,Milwaukee Bucks,HOME,124,131,22,31,40,28,35,34,27,38,0,OPP,True,https://www.espn.com/nba/game/_/gameId/401584144/bucks-heat,,,,,,
2023-11-25T23:00:00+00:00,2024,REG,Miami Heat,Brooklyn Nets,AWAY,97,112,22,26,31,37,23,27,21,22,0,OPP,True,https://www.espn.com/nba/game/_/gameId/401584868/heat-nets,,,,,,
2023-11-25T00:30:00+00:00,2024,REG,Miami Heat,New York Knicks,AWAY,98,100,28,25,22,26,37,20,11,29,0,OPP,True,https://www.espn.com/nba/game/_/gameId/401584133/heat-knicks,,,,,,
2023-11-23T00:30:00+00:00,2024,REG,Miami Heat,Cleveland Cavaliers,AWAY,129,96,37,26,32,29,32,24,28,17,0,TEAM,True,https://www.espn.com/nba/game/_/gameId/401584857/heat-cavaliers,,,,,,
2023-11-21T01:00:00+00:00,2024,REG,Miami Heat,Chicago Bulls,AWAY,118,100,33,27,32,26,28,28,25,19,0,TEAM,True,https://www.espn.com/nba/game/_/gameId/401584848/heat-bulls,,,,,,
2023-11-19T01:00:00+00:00,2024,REG,Miami Heat,Chicago Bulls,AWAY,97,102,26,14,24,26,26,28,21,34,0,OPP,True,https://www.espn.com/nba/game/_/gameId/401584832/heat-bulls,,,,,,
2023-11-17T00:30:00+00:00,2024,REG,Miami Heat,Brooklyn Nets,HOME,122,115,30,27,30,25,35,31,27,32,0,TEAM,True,https://www.espn.com/nba/game/_/gameId/401584828/nets-heat,,,,,,
2023-11-15T00:00:00+00:00,2024,REG,Miami Heat,Charlotte Hornets,AWAY,111,105,24,32,33,16,30,32,24,25,0,TEAM,True,https://www.espn.com/nba/game/_/gameId/401584105/heat-hornets,,,,,,
2023-11-13T00:00:00+00:00,2024,REG,Miami Heat,San Antonio Spurs,AWAY,118,113,15,29,35,24,32,31,36,29,0,TEAM,True,https://www.espn.com/nba/game/_/gameId/401584812/heat-spurs,,,,,,
2023-11-12T00:30:00+00:00,2024,REG,Miami Heat,Atlanta Hawks,AWAY,117,109,41,24,22,28,30,30,24,27,0,TEAM,True,https://www.espn.com/nba/game/_/gameId/401584803/heat-hawks,,,,,,
2023-11-09T01:00:00+00:00,2024,REG,Miami Heat,Memphis Grizzlies,AWAY,108,102,33,26,21,20,23,30,31,26,0,TEAM,True,https://www.espn.com/nba/game/_/gameId/401584792/heat-grizzlies,,,,,,
2023-11-07T00:30:00+00:00,2024,REG,Miami Heat,Los Angeles Lakers,HOME,108,107,33,33,29,26,28,20,18,28,0,TEAM,True,https://www.espn.com/nba/game/_/gameId/401584778/lakers-heat,,,,,,
2023-11-04T00:00:00+00:00,2024,REG,Miami Heat,Washington Wizards,HOME,121,114,34,34,26,20,41,27,20,33,0,TEAM,True,https://www.espn.com/nba/game/_/gameId/401584091/wizards-heat,,,,,,
2023-11-01T23:30:00+00:00,2024,REG,Miami Heat,Brooklyn Nets,HOME,105,109,32,29,24,17,27,29,22,34,0,OPP,True,https://www.espn.com/nba/game/_/gameId/401584747/nets-heat,,,,,,
2023-10-31T00:00:00+00:00,2024,REG,Miami Heat,Milwaukee Bucks,AWAY,114,122,28,28,24,34,21,35,41,25,0,OPP,True,https://www.espn.com/nba/game/_/gameId/401584735/heat-bucks,,,,,,
2023-10-29T00:00:00+00:00,2024,REG,Miami Heat,Minnesota Timberwolves,AWAY,90,106,31,26,22,29,20,25,17,26,0,OPP,True,https://www.espn.com/nba/game/_/gameId/401584721/heat-timberwolves,,,,,,
2023-10-27T23:30:00+00:00,2024,REG,Miami Heat,Boston Celtics,AWAY,111,119,28,25,27,35,33,27,23,32,0,OPP,True,https://www.espn.com/nba/game/_/gameId/401584708/heat-celtics,,,,,,
2023-10-25T23:30:00+00:00,2024,REG,Miami Heat,Detroit Pistons,HOME,103,102,26,29,32,18,25,28,20,27,0,TEAM,True,https://www.espn.com/nba/game/_/gameId/401584696/pistons-heat,,,,,,
2023-06-13T00:30:00+00:00,2023,POST,Miami Heat,Denver Nuggets,AWAY,89,94,24,22,27,22,20,26,18,24,0,OPP,True,https://www.espn.com/nba/game/_/gameId/401544850/heat-nuggets,,,,,,
2023-06-10T00:30:00+00:00,2023,POST,Miami Heat,Denver Nuggets,HOME,95,108,21,20,30,35,22,31,22,22,0,OPP,True,https://www.espn.com/nba/game/_/gameId/401544849/nuggets-heat,,,,,,
2023-06-08T00:30:00+00:00,2023,POST,Miami Heat,Denver Nuggets,HOME,94,109,24,24,24,29,20,29,26,27,0,OPP,True,https://www.espn.com/nba/game/_/gameId/401544848/nuggets-heat,,,,,,
2023-06-05T00:00:00+00:00,2023,POST,Miami Heat,Denver Nuggets,AWAY,111,108,26,23,25,34,24,26,36,25,0,TEAM,True,https://www.espn.com/nba/game/_/gameId/401544847/heat-nuggets,,,,,,
2023-06-02T00:30:00+00:00,2023,POST,Miami Heat,Denver Nuggets,AWAY,93,104,20,29,22,30,21,25,30,20,0,OPP,True,https://www.espn.com/nba/game/_/gameId/401544846/heat-nuggets,,,,,,
2023-05-30T00:30:00+00:00,2023,POST,Miami Heat,Boston Celtics,AWAY,103,84,22,15,30,26,24,25,27,18,0,TEAM,True,https://www.espn.com/nba/game/_/gameId/401547678/heat-celtics,,,,,,
2023-05-28T00:30:00+00:00,2023,POST,Miami Heat,Boston Celtics,HOME,103,104,29,34,24,23,19,22,31,25,0,OPP,True,https://www.espn.com/nba/game/_/gameId/401547676/celtics-heat,,,,,,
2023-05-26T00:30:00+00:00,2023,POST,Miami Heat,Boston Celtics,AWAY,97,110,20,35,24,26,28,29,25,20,0,OPP,True,https://www.espn.com/nba/game/_/gameId/401547675/heat-celtics,,,,,,
2023-05-24T00:30:00+00:00,2023,POST,Miami Heat,Boston Celtics,HOME,99,116,29,23,27,27,23,38,20,28,0,OPP,True,https://www.espn.com/nba/game/_/gameId/401547674/celtics-heat,,,,,,
2023-05-22T00:30:00+00:00,2023,POST,Miami Heat,Boston Celtics,HOME,128,102,30,22,31,24,32,17,35,39,0,TEAM,True,https://www.espn.com/nba/game/_/gameId/401547673/celtics-heat,,,,,,
2023-05-20T00:30:00+00:00,2023,POST,Miami Heat,Boston Celtics,AWAY,111,105,24,25,30,25,21,33,36,22,0,TEAM,True,https://www.espn.com/nba/game/_/gameId/401547672/heat-celtics,,,,,,
2023-05-18T00:30:00+00:00,2023,POST,Miami Heat,Boston Celtics,AWAY,123,116,28,30,29,36,46,25,20,25,0,TEAM,True,https://www.espn.com/nba/game/_/gameId/401547671/heat-celtics,,,,,,
2023-05-12T23:30:00+00:00,2023,POST,Miami Heat,New York Knicks,HOME,96,92,24,31,27,19,23,21,22,21,0,TEAM,True,https://www.espn.com/nba/game/_/gameId/401544978/knicks-heat,,,,,,
2023-05-10T23:30:00+00:00,2023,POST,Miami Heat,New York Knicks,AWAY,103,112,24,14,23,36,27,34,29,28,0,OPP,True,https://www.espn.com/nba/game/_/gameId/401544977/heat-knicks,,,,,,
2023-05-08T23:30:00+00:00,2023,POST,Miami Heat,New York Knicks,HOME,109,101,31,30,25,18,34,33,19,20,0,TEAM,True,https://www.espn.com/nba/game/_/gameId/401544976/knicks-heat,,,,,,
2023-05-06T19:30:00+00:00,2023,POST,Miami Heat,New York Knicks,HOME,105,86,29,21,29,23,29,26,18,16,0,TEAM,True,https://www.espn.com/nba/game/_/gameId/401544975/knicks-heat,,,,,,
2023-05-02T23:30:00+00:00,2023,POST,Miami Heat,New York Knicks,AWAY,105,111,29,31,25,20,23,25,28,35,0,OPP,True,https://www.espn.com/nba/game/_/gameId/401544974/heat-knicks,,,,,,
2023-04-30T17:00:00+00:00,2023,POST,Miami Heat,New York Knicks,AWAY,108,101,21,32,29,23,31,20,27,26,0,TEAM,True,https://www.espn.com/nba/game/_/gameId/401544973/heat-knicks,,,,,,
2023-04-27T01:30:00+00:00,2023,POST,Miami Heat,Milwaukee Bucks,AWAY,128,126,36,33,27,36,23,33,32,16,1,TEAM,True,https://www.espn.com/nba/game/_/gameId/401541240/heat-bucks,10,,,8,,
2023-04-24T23:30:00+00:00,2023,POST,Miami Heat,Milwaukee Bucks,HOME,119,114,28,33,22,24,28,32,41,25,0,TEAM,True,https://www.espn.com/nba/game/_/gameId/401541187/bucks-heat,,,,,,
2023-04-22T23:30:00+00:00,2023,POST,Miami Heat,Milwaukee Bucks,HOME,121,99,29,21,37,32,28,26,27,20,0,TEAM,True,https://www.espn.com/nba/game/_/gameId/401541179/bucks-heat,,,,,,
2023-04-20T01:00:00+00:00,2023,POST,Miami Heat,Milwaukee Bucks,AWAY,122,138,28,35,27,46,30,37,37,20,0,OPP,True,https://www.espn.com/nba/game/_/gameId/401541171/heat-bucks,,,,,,
2023-04-16T21:30:00+00:00,2023,POST,Miami Heat,Milwaukee Bucks,AWAY,130,117,33,24,35,31,34,33,28,29,0,TEAM,True,https://www.espn.com/nba/game/_/gameId/401540754/heat-bucks,,,,,,
2023-04-09T17:00:00+00:00,2023,REG,Miami Heat,Orlando Magic,HOME,123,110,23,24,29,26,32,35,39,25,0,TEAM,True,https://www.espn.com/nba/game/_/gameId/401469374/magic-heat,,,,,,
2023-04-07T23:00:00+00:00,2023,REG,Miami Heat,Washington Wizards,AWAY,108,114,23,26,28,27,20,36,37,25,0,OPP,True,https://www.espn.com/nba/game/_/gameId/401469359/heat-wizards,,,,,,
2023-04-06T23:30:00+00:00,2023,REG,Miami Heat,Philadelphia 76ers,AWAY,129,101,41,31,26,15,29,32,33,23,0,TEAM,True,https://www.espn.com/nba/game/_/gameId/401469353/heat-76ers,,,,,,
2023-04-04T23:00:00+00:00,2023,REG,Miami Heat,Detroit Pistons,AWAY,118,105,31,27,28,25,21,27,38,26,0,TEAM,True,https://www.espn.com/nba/game/_/gameId/401469332/heat-pistons,,,,,,
2023-04-01T23:30:00+00:00,2023,REG,Miami Heat,Dallas Mavericks,HOME,129,122,44,31,32,33,26,32,27,26,0,TEAM,True,https://www.espn.com/nba/game/_/gameId/401469316/mavericks-heat,,,,,,
2023-03-29T23:30:00+00:00,2023,REG,Miami Heat,New York Knicks,AWAY,92,101,23,19,23,29,30,28,16,25,0,OPP,True,https://www.espn.com/nba/game/_/gameId/401469293/heat-knicks,,,,,,
2023-03-28T23:30:00+00:00,2023,REG,Miami Heat,Toronto Raptors,AWAY,92,106,23,24,24,29,20,31,25,22,0,OPP,True,https://www.espn.com/nba/game/_/gameId/401469287/heat-raptors,,,,,,
2023-03-26T00:00:00+00:00,2023,REG,Miami Heat,Brooklyn Nets,HOME,100,129,36,28,33,37,18,39,13,25,0,OPP,True,https://www.espn.com/nba/game/_/gameId/401469263/nets-heat,,,,,,
2023-03-22T23:30:00+00:00,2023,REG,Miami Heat,New York Knicks,HOME,127,120,31,32,33,29,28,25,35,34,0,TEAM,True,https://www.espn.com/nba/game/_/gameId/401469239/knicks-heat,,,,,,
2023-03-19T22:00:00+00:00,2023,REG,Miami Heat,Detroit Pistons,AWAY,112,100,26,29,26,18,22,34,38,19,0,TEAM,True,https://www.espn.com/nba/game/_/gameId/401469221/heat-pistons,,,,,,
2023-03-19T00:00:00+00:00,2023,REG,Miami Heat,Chicago Bulls,AWAY,99,113,19,33,26,37,32,20,22,23,0,OPP,True,https://www.espn.com/nba/game/_/gameId/401469215/heat-bulls,,,,,,
2023-03-15T23:30:00+00:00,2023,REG,Miami Heat,Memphis Grizzlies,HOME,138,119,29,27,34,24,42,26,33,42,0,TEAM,True,https://www.espn.com/nba/game/_/gameId/401469191/grizzlies-heat,,,,,,
2023-03-13T23:30:00+00:00,2023,REG,Miami Heat,Utah Jazz,HOME,119,115,33,26,23,31,34,33,29,25,0,TEAM,True,https://www.espn.com/nba/game/_/gameId/401469177/jazz-heat,,,,,,
2023-03-12T00:00:00+00:00,2023,REG,Miami Heat,Orlando Magic,AWAY,114,126,24,34,31,24,23,23,30,27,1,OPP,True,https://www.espn.com/nba/game/_/gameId/401469162/heat-magic,6,,,18,,
2023-03-11T01:00:00+00:00,2023,REG,Miami Heat,Cleveland Cavaliers,HOME,119,115,27,26,23,33,32,30,37,26,0,TEAM,True,https://www.espn.com/nba/game/_/gameId/401469155/cavaliers-heat,,,,,,
2023-03-09T00:30:00+00:00,2023,REG,Miami Heat,Cleveland Cavaliers,HOME,100,104,30,26,23,31,29,30,18,17,0,OPP,True,https://www.espn.com/nba/game/_/gameId/401469142/cavaliers-heat,,,,,,
2023-03-07T00:30:00+00:00,2023,REG,Miami Heat,Atlanta Hawks,HOME,130,128,30,43,33,25,29,28,38,32,0,TEAM,True,https://www.espn.com/nba/game/_/gameId/401469129/hawks-heat,,,,,,
2023-03-05T01:00:00+00:00,2023,REG,Miami Heat,Atlanta Hawks,HOME,117,109,29,26,37,23,21,26,30,34,0,TEAM,True,https://www.espn.com/nba/game/_/gameId/401469113/hawks-heat,,,,,,
2023-03-04T01:00:00+00:00,2023,REG,Miami Heat,New York Knicks,HOME,120,122,31,37,25,34,32,25,32,26,0,OPP,True,https://www.espn.com/nba/game/_/gameId/401469104/knicks-heat,,,,,,
2023-03-02T00:30:00+00:00,2023,REG,Miami Heat,Philadelphia 76ers,HOME,96,119,38,34,15,37,24,25,19,23,0,OPP,True,https://www.espn.com/nba/game/_/gameId/401469091/76ers-heat,,,,,,
2023-02-28T00:00:00+00:00,2023,REG,Miami Heat,Philadelphia 76ers,AWAY,101,99,28,22,30,28,26,30,17,19,0,TEAM,True,https://www.espn.com/nba/game/_/gameId/401469075/heat-76ers,,,,,,
2023-02-26T00:00:00+00:00,2023,REG,Miami Heat,Charlotte Hornets,AWAY,103,108,16,29,35,25,21,28,31,26,0,OPP,True,https://www.espn.com/nba/game/_/gameId/401469059/heat-hornets,,,,,,
2023-02-25T00:30:00+00:00,2023,REG,Miami Heat,Milwaukee Bucks,AWAY,99,128,32,42,24,31,18,22,25,33,0,OPP,True,https://www.espn.com/nba/game/_/gameId/401469052/heat-bucks,,,,,,
2023-02-16T00:30:00+00:00,2023,REG,Miami Heat,Brooklyn Nets,AWAY,105,116,25,26,31,26,24,31,25,33,0,OPP,True,https://www.espn.com/nba/game/_/gameId/401469033/heat-nets,,,,,,
2023-02-14T00:30:00+00:00,2023,REG,Miami Heat,Denver Nuggets,HOME,108,112,36,27,26,38,21,24,25,23,0,OPP,True,https://www.espn.com/nba/game/_/gameId/401469016/nuggets-heat,,,,,,
2023-02-12T00:00:00+00:00,2023,REG,Miami Heat,Orlando Magic,AWAY,107,103,19,29,27,25,26,25,25,18,1,TEAM,True,https://www.espn.com/nba/game/_/gameId/401469003/heat-magic,10,,,6,,
2023-02-11T01:00:00+00:00,2023,REG,Miami Heat,Houston Rockets,HOME,97,95,28,29,30,27,17,17,22,22,0,TEAM,True,https://www.espn.com/nba/game/_/gameId/401468995/rockets-heat,,,,,,
2023-02-09T00:30:00+00:00,2023,REG,Miami Heat,Indiana Pacers,HOME,116,111,39,30,21,33,29,20,27,28,0,TEAM,True,https://www.espn.com/nba/game/_/gameId/401468980/pacers-heat,,,,,,
2023-02-05T01:00:00+00:00,2023,REG,Miami Heat,Milwaukee Bucks,AWAY,115,123,26,34,36,28,30,32,23,29,0,OPP,True,https://www.espn.com/nba/game/_/gameId/401468952/heat-bucks,,,,,,
2023-02-03T00:30:00+00:00,2023,REG,Miami Heat,New York Knicks,AWAY,104,106,22,28,26,23,24,26,32,29,0,OPP,True,https://www.espn.com/nba/game/_/gameId/401468935/heat-knicks,,,,,,
2023-02-01T00:00:00+00:00,2023,REG,Miami Heat,Cleveland Cavaliers,AWAY,100,97,24,26,31,26,24,27,21,18,0,TEAM,True,https://www.espn.com/nba/game/_/gameId/401468919/heat-cavaliers,,,,,,
2023-01-29T18:00:00+00:00,2023,REG,Miami Heat,Charlotte Hornets,AWAY,117,122,28,26,34,32,24,33,31,31,0,OPP,True,https://www.espn.com/nba/game/_/gameId/401468907/heat-hornets,,,,,,
2023-01-28T01:00:00+00:00,2023,REG,Miami Heat,Orlando Magic,HOME,110,105,26,31,24,28,23,20,37,26,0,TEAM,True,https://www.espn.com/nba/game/_/gameId/401468893/magic-heat,,,,,,
2023-01-25T00:30:00+00:00,2023,REG,Miami Heat,Boston Celtics,HOME,98,95,32,30,18,28,25,24,23,13,0,TEAM,True,https://www.espn.com/nba/game/_/gameId/401468869/celtics-heat,,,,,,
2023-01-22T20:30:00+00:00,2023,REG,Miami Heat,New Orleans Pelicans,HOME,100,96,23,32,18,15,28,25,31,24,0,TEAM,True,https://www.espn.com/nba/game/_/gameId/401468854/pelicans-heat,,,,,,
2023-01-21T00:30:00+00:00,2023,REG,Miami Heat,Dallas Mavericks,AWAY,90,115,19,31,32,29,16,32,23,23,0,OPP,True,https://www.espn.com/nba/game/_/gameId/401468841/heat-mavericks,,,,,,
2023-01-19T01:00:00+00:00,2023,REG,Miami Heat,New Orleans Pelicans,AWAY,124,98,36,23,34,28,28,25,26,22,0,TEAM,True,https://www.espn.com/nba/game/_/gameId/401468828/heat-pelicans,,,,,,
2023-01-16T20:30:00+00:00,2023,REG,Miami Heat,Atlanta Hawks,AWAY,113,121,26,38,24,32,30,21,33,30,0,OPP,True,https://www.espn.com/nba/game/_/gameId/401468816/heat-hawks,,,,,,
2023-01-14T18:00:00+00:00,2023,REG,Miami Heat,Milwaukee Bucks,HOME,111,95,28,20,25,25,24,26,34,24,0,TEAM,True,https://www.espn.com/nba/game/_/gameId/401468796/bucks-heat,,,,,,
2023-01-13T00:30:00+00:00,2023,REG,Miami Heat,Milwaukee Bucks,HOME,108,102,14,23,31,22,33,28,30,29,0,TEAM,True,https://www.espn.com/nba/game/_/gameId/401468783/bucks-heat,,,,,,
2023-01-11T00:30:00+00:00,2023,REG,Miami Heat,Oklahoma City Thunder,HOME,112,111,31,26,32,30,26,32,23,23,0,TEAM,True,https://www.espn.com/nba/game/_/gameId/401468766/thunder-heat,,,,,,
2023-01-08T23:00:00+00:00,2023,REG,Miami Heat,Brooklyn Nets,HOME,101,102,30,31,34,35,18,13,19,23,0,OPP,True,https://www.espn.com/nba/game/_/gameId/401468754/nets-heat,,,,,,
2023-01-07T03:00:00+00:00,2023,REG,Miami Heat,Phoenix Suns,AWAY,104,96,30,23,21,23,27,27,26,23,0,TEAM,True,https://www.espn.com/nba/game/_/gameId/401468744/heat-suns,,,,,,
2023-01-05T03:00:00+00:00,2023,REG,Miami Heat,Los Angeles Lakers,AWAY,109,112,23,32,25,20,30,27,31,33,0,OPP,True,https://www.espn.com/nba/game/_/gameId/401468729/heat-lakers,,,,,,
2023-01-03T03:30:00+00:00,2023,REG,Miami Heat,LA Clippers,AWAY,110,100,34,28,33,21,14,34,29,17,0,TEAM,True,https://www.espn.com/nba/game/_/gameId/401468715/heat-clippers,,,,,,
2023-01-01T02:00:00+00:00,2023,REG,Miami Heat,Utah Jazz,AWAY,126,123,31,30,38,33,27,35,30,25,0,TEAM,True,https://www.espn.com/nba/game/_/gameId/401468701/heat-jazz,,,,,,
2022-12-31T02:00:00+00:00,2023,REG,Miami Heat,Denver Nuggets,AWAY,119,124,19,23,38,37,33,25,29,39,0,OPP,True,https://www.espn.com/nba/game/_/gameId/401468690/heat-nuggets,,,,,,
2022-12-29T00:30:00+00:00,2023,REG,Miami Heat,Los Angeles Lakers,HOME,112,98,33,25,28,27,34,26,17,20,0,TEAM,True,https://www.espn.com/nba/game/_/gameId/401468673/lakers-heat,,,,,,
2022-12-27T00:30:00+00:00,2023,REG,Miami Heat,Minnesota Timberwolves,HOME,113,110,33,31,26,25,34,30,20,24,0,TEAM,True,https://www.espn.com/nba/game/_/gameId/401468655/timberwolves-heat,,,,,,
2022-12-24T01:00:00+00:00,2023,REG,Miami Heat,Indiana Pacers,HOME,108,111,28,31,30,25,24,28,26,27,0,OPP,True,https://www.espn.com/nba/game/_/gameId/401468641/pacers-heat,,,,,,
2022-12-21T00:30:00+00:00,2023,REG,Miami Heat,Chicago Bulls,HOME,103,113,21,31,36,21,20,36,26,25,0,OPP,True,https://www.espn.com/nba/game/_/gameId/401468617/bulls-heat,,,,,,
2022-12-17T22:00:00+00:00,2023,REG,Miami Heat,San Antonio Spurs,AWAY,111,101,25,28,27,27,28,29,31,17,0,TEAM,True,https://www.espn.com/nba/game/_/gameId/401468594/heat-spurs,,,,,,
2022-12-16T01:00:00+00:00,2023,REG,Miami Heat,Houston Rockets,AWAY,111,108,29,29,37,23,20,33,25,23,0,TEAM,True,https://www.espn.com/nba/game/_/gameId/401468579/heat-rockets,,,,,,
2022-12-15T01:00:00+00:00,2023,REG,Miami Heat,Oklahoma City Thunder,AWAY,110,108,31,31,33,21,22,32,24,24,0,TEAM,True,https://www.espn.com/nba/game/_/gameId/401468574/heat-thunder,,,,,,
2022-12-13T00:00:00+00:00,2023,REG,Miami Heat,Indiana Pacers,AWAY,87,82,26,19,21,23,20,22,20,18,0,TEAM,True,https://www.espn.com/nba/game/_/gameId/401468557/heat-pacers,,,,,,
2022-12-10T22:00:00+00:00,2023,REG,Miami Heat,San Antonio Spurs,HOME,111,115,29,25,28,34,27,27,27,29,0,OPP,True,https://www.espn.com/nba/game/_/gameId/401468542/spurs-heat,,,,,,
2022-12-09T00:30:00+00:00,2023,REG,Miami Heat,LA Clippers,HOME,115,110,20,28,36,26,28,33,31,23,0,TEAM,True,https://www.espn.com/nba/game/_/gameId/401468529/clippers-heat,,,,,,
2022-12-07T00:30:00+00:00,2023,REG,Miami Heat,Detroit Pistons,HOME,96,116,25,20,25,27,23,31,23,38,0,OPP,True,https://www.espn.com/nba/game/_/gameId/401468516/pistons-heat,,,,,,
2022-12-06T01:00:00+00:00,2023,REG,Miami Heat,Memphis Grizzlies,AWAY,93,101,32,27,19,31,26,24,16,19,0,OPP,True,https://www.espn.com/nba/game/_/gameId/401468512/heat-grizzlies,,,,,,
2022-12-03T00:30:00+00:00,2023,REG,Miami Heat,Boston Celtics,AWAY,120,116,27,27,32,35,22,25,29,23,1,TEAM,True,https://www.espn.com/nba/game/_/gameId/401468483/heat-celtics,10,,,6,,
2022-12-01T00:30:00+00:00,2023,REG,Miami Heat,Boston Celtics,AWAY,121,134,35,38,25,30,36,34,25,32,0,OPP,True,https://www.espn.com/nba/game/_/gameId/401468469/heat-celtics,,,,,,
2022-11-27T22:00:00+00:00,2023,REG,Miami Heat,Atlanta Hawks,AWAY,106,98,23,31,28,29,34,21,21,17,0,TEAM,True,https://www.espn.com/nba/game/_/gameId/401468448/heat-hawks,,,,,,
2022-11-26T01:00:00+00:00,2023,REG,Miami Heat,Washington Wizards,HOME,110,107,28,38,28,21,29,26,25,22,0,TEAM,True,https://www.espn.com/nba/game/_/gameId/401468432/wizards-heat,,,,,,
2022-11-24T00:30:00+00:00,2023,REG,Miami Heat,Washington Wizards,HOME,113,105,28,26,32,17,23,37,30,25,0,TEAM,True,https://www.espn.com/nba/game/_/gameId/401468420/wizards-heat,,,,,,
2022-11-22T01:00:00+00:00,2023,REG,Miami Heat,Minnesota Timberwolves,AWAY,101,105,33,30,27,17,19,37,22,21,0,OPP,True,https://www.espn.com/nba/game/_/gameId/401468407/heat-timberwolves,,,,,,
2022-11-21T00:00:00+00:00,2023,REG,Miami Heat,Cleveland Cavaliers,AWAY,87,113,27,28,15,31,22,36,23,18,0,OPP,True,https://www.espn.com/nba/game/_/gameId/401468399/heat-cavaliers,,,,,,
2022-11-19T00:00:00+00:00,2023,REG,Miami Heat,Washington Wizards,AWAY,106,107,31,33,38,24,19,24,16,23,1,OPP,True,https://www.espn.com/nba/game/_/gameId/401468379/heat-wizards,2,,,3,,
2022-11-17T00:30:00+00:00,2023,REG,Miami Heat,Toronto Raptors,AWAY,104,112,31,27,29,27,19,30,25,28,0,OPP,True,https://www.espn.com/nba/game/_/gameId/401468370/heat-raptors,,,,,,
2022-11-15T00:30:00+00:00,2023,REG,Miami Heat,Phoenix Suns,HOME,113,112,35,31,23,26,26,34,29,21,0,TEAM,True,https://www.espn.com/nba/game/_/gameId/401468357/suns-heat,,,,,,
2022-11-13T01:00:00+00:00,2023,REG,Miami Heat,Charlotte Hornets,HOME,132,115,34,33,23,26,45,25,30,31,0,TEAM,True,https://www.espn.com/nba/game/_/gameId/401468344/hornets-heat,,,,,,
2022-11-11T00:30:00+00:00,2023,REG,Miami Heat,Charlotte Hornets,HOME,117,112,32,27,26,23,27,23,19,31,1,TEAM,True,https://www.espn.com/nba/game/_/gameId/401468329/hornets-heat,13,,,8,,
2022-11-08T01:30:00+00:00,2023,REG,Miami Heat,Portland Trail Blazers,HOME,107,110,28,28,32,25,21,20,26,37,0,OPP,True,https://www.espn.com/nba/game/_/gameId/401468305/trail-blazers-heat,,,,,,
2022-11-04T23:00:00+00:00,2023,REG,Miami Heat,Indiana Pacers,AWAY,99,101,29,28,21,34,27,18,22,21,0,OPP,True,https://www.espn.com/nba/game/_/gameId/401468276/heat-pacers,,,,,,
2022-11-02T23:30:00+00:00,2023,REG,Miami Heat,Sacramento Kings,HOME,110,107,33,32,20,19,24,25,33,31,0,TEAM,True,https://www.espn.com/nba/game/_/gameId/401468264/kings-heat,,,,,,
2022-11-01T23:30:00+00:00,2023,REG,Miami Heat,Golden State Warriors,HOME,116,109,33,24,25,32,28,38,30,15,0,TEAM,True,https://www.espn.com/nba/game/_/gameId/401468259/warriors-heat,,,,,,
2022-10-29T22:00:00+00:00,2023,REG,Miami Heat,Sacramento Kings,AWAY,113,119,23,32,26,39,33,19,31,29,0,OPP,True,https://www.espn.com/nba/game/_/gameId/401468236/heat-kings,,,,,,
2022-10-28T02:00:00+00:00,2023,REG,Miami Heat,Golden State Warriors,AWAY,110,123,30,31,29,32,28,29,23,31,0,OPP,True,https://www.espn.com/nba/game/_/gameId/401468223/heat-warriors,,,,,,
2022-10-27T02:00:00+00:00,2023,REG,Miami Heat,Portland Trail Blazers,AWAY,119,98,28,31,33,25,33,25,25,17,0,TEAM,True,https://www.espn.com/nba/game/_/gameId/401468220/heat-trail-blazers,,,,,,
2022-10-24T23:30:00+00:00,2023,REG,Miami Heat,Toronto Raptors,HOME,90,98,23,27,20,21,33,23,14,27,0,OPP,True,https://www.espn.com/nba/game/_/gameId/401468200/raptors-heat,,,,,,
2022-10-23T00:00:00+00:00,2023,REG,Miami Heat,Toronto Raptors,HOME,112,109,38,33,33,17,21,33,20,26,0,TEAM,True,https://www.espn.com/nba/game/_/gameId/401468186/raptors-heat,,,,,,
2022-10-21T23:30:00+00:00,2023,REG,Miami Heat,Boston Celtics,HOME,104,111,22,30,29,29,26,30,27,22,0,OPP,True,https://www.espn.com/nba/game/_/gameId/401468177/celtics-heat,,,,,,
2022-10-19T23:30:00+00:00,2023,REG,Miami Heat,Chicago Bulls,HOME,108,116,33,28,26,31,27,37,22,20,0,OPP,True,https://www.espn.com/nba/game/_/gameId/401468022/bulls-heat,,,,,,
2022-05-30T00:30:00+00:00,2022,POST,Miami Heat,Boston Celtics,HOME,96,100,17,32,32,23,26,27,21,18,0,OPP,True,https://www.espn.com/nba/game/_/gameId/401438136/celtics-heat,,,,,,
2022-05-28T00:30:00+00:00,2022,POST,Miami Heat,Boston Celtics,AWAY,111,103,29,22,19,24,34,29,29,28,0,TEAM,True,https://www.espn.com/nba/game/_/gameId/401438135/heat-celtics,,,,,,
2022-05-26T00:30:00+00:00,2022,POST,Miami Heat,Boston Celtics,HOME,80,93,19,17,23,20,16,32,22,24,0,OPP,True,https://www.espn.com/nba/game/_/gameId/401438134/celtics-heat,,,,,,
2022-05-24T00:30:00+00:00,2022,POST,Miami Heat,Boston Celtics,AWAY,82,102,11,29,22,28,19,19,30,26,0,OPP,True,https://www.espn.com/nba/game/_/gameId/401438133/heat-celtics,,,,,,
2022-05-22T00:30:00+00:00,2022,POST,Miami Heat,Boston Celtics,AWAY,109,103,39,18,23,29,25,25,22,31,0,TEAM,True,https://www.espn.com/nba/game/_/gameId/401438132/heat-celtics,,,,,,
2022-05-20T00:30:00+00:00,2022,POST,Miami Heat,Boston Celtics,HOME,102,127,24,35,21,35,26,26,31,31,0,OPP,True,https://www.espn.com/nba/game/_/gameId/401438131/celtics-heat,,,,,,
2022-05-18T00:30:00+00:00,2022,POST,Miami Heat,Boston Celtics,HOME,118,107,25,28,29,34,39,14,25,31,0,TEAM,True,https://www.espn.com/nba/game/_/gameId/401438130/celtics-heat,,,,,,
2022-05-12T23:00:00+00:00,2022,POST,Miami Heat,Philadelphia 76ers,AWAY,99,90,28,25,21,23,25,15,25,27,0,TEAM,True,https://www.espn.com/nba/game/_/gameId/401434055/heat-76ers,,,,,,
2022-05-10T23:30:00+00:00,2022,POST,Miami Heat,Philadelphia 76ers,HOME,120,85,31,19,25,25,25,22,39,19,0,TEAM,True,https://www.espn.com/nba/game/_/gameId/401434054/76ers-heat,,,,,,
2022-05-09T00:00:00+00:00,2022,POST,Miami Heat,Philadelphia 76ers,AWAY,108,116,28,30,28,34,29,25,23,27,0,OPP,True,https://www.espn.com/nba/game/_/gameId/401434053/heat-76ers,,,,,,
2022-05-06T23:00:00+00:00,2022,POST,Miami Heat,Philadelphia 76ers,AWAY,79,99,17,21,17,20,31,27,14,31,0,OPP,True,https://www.espn.com/nba/game/_/gameId/401434052/heat-76ers,,,,,,
2022-05-04T23:30:00+00:00,2022,POST,Miami Heat,Philadelphia 76ers,HOME,119,103,31,24,29,28,31,28,28,23,0,TEAM,True,https://www.espn.com/nba/game/_/gameId/401434051/76ers-heat,,,,,,
2022-05-02T23:30:00+00:00,2022,POST,Miami Heat,Philadelphia 76ers,HOME,106,92,30,22,20,29,30,21,26,20,0,TEAM,True,https://www.espn.com/nba/game/_/gameId/401434050/76ers-heat,,,,,,
2022-04-26T23:00:00+00:00,2022,POST,Miami Heat,Atlanta Hawks,HOME,97,94,21,22,33,20,21,22,22,30,0,TEAM,True,https://www.espn.com/nba/game/_/gameId/401430219/hawks-heat,,,,,,
2022-04-24T23:00:00+00:00,2022,POST,Miami Heat,Atlanta Hawks,AWAY,110,86,25,26,30,15,25,20,30,25,0,TEAM,True,https://www.espn.com/nba/game/_/gameId/401430218/heat-hawks,,,,,,
2022-04-22T23:55:00+00:00,2022,POST,Miami Heat,Atlanta Hawks,AWAY,110,111,24,22,30,39,31,16,25,34,0,OPP,True,https://www.espn.com/nba/game/_/gameId/401430217/heat-hawks,,,,,,
2022-04-19T23:30:00+00:00,2022,POST,Miami Heat,Atlanta Hawks,HOME,115,105,26,25,30,29,31,22,28,29,0,TEAM,True,https://www.espn.com/nba/game/_/gameId/401430216/hawks-heat,,,,,,
2022-04-17T17:00:00+00:00,2022,POST,Miami Heat,Atlanta Hawks,HOME,115,91,23,17,36,23,27,20,29,31,0,TEAM,True,https://www.espn.com/nba/game/_/gameId/401429891/hawks-heat,,,,,,
2022-04-10T23:00:00+00:00,2022,REG,Miami Heat,Orlando Magic,AWAY,111,125,31,31,28,37,29,33,23,24,0,OPP,True,https://www.espn.com/nba/game/_/gameId/401361046/heat-magic,,,,,,
2022-04-09T00:00:00+00:00,2022,REG,Miami Heat,Atlanta Hawks,HOME,113,109,24,22,32,39,35,26,22,22,0,TEAM,True,https://www.espn.com/nba/game/_/gameId/401361026/hawks-heat,,,,,,
2022-04-05T23:30:00+00:00,2022,REG,Miami Heat,Charlotte Hornets,HOME,144,115,29,32,41,28,32,37,42,18,0,TEAM,True,https://www.espn.com/nba/game/_/gameId/401361000/hornets-heat,,,,,,
2022-04-03T23:00:00+00:00,2022,REG,Miami Heat,Toronto Raptors,AWAY,114,109,28,34,17,21,34,23,35,31,0,TEAM,True,https://www.espn.com/nba/game/_/gameId/401360991/heat-raptors,,,,,,
2022-04-03T00:00:00+00:00,2022,REG,Miami Heat,Chicago Bulls,AWAY,127,109,31,30,35,27,32,22,29,30,0,TEAM,True,https://www.espn.com/nba/game/_/gameId/401360983/heat-bulls,,,,,,
2022-03-30T23:30:00+00:00,2022,REG,Miami Heat,Boston Celtics,AWAY,106,98,25,29,28,23,26,31,27,15,0,TEAM,True,https://www.espn.com/nba/game/_/gameId/401360958/heat-celtics,,,,,,
2022-03-28T23:30:00+00:00,2022,REG,Miami Heat,Sacramento Kings,HOME,123,100,31,19,26,22,36,27,30,32,0,TEAM,True,https://www.espn.com/nba/game/_/gameId/401360944/kings-heat,,,,,,
2022-03-27T00:00:00+00:00,2022,REG,Miami Heat,Brooklyn Nets,HOME,95,110,25,27,21,40,22,29,27,14,0,OPP,True,https://www.espn.com/nba/game/_/gameId/401360930/nets-heat,,,,,,
2022-03-26T00:00:00+00:00,2022,REG,Miami Heat,New York Knicks,HOME,103,111,32,25,26,24,30,24,15,38,0,OPP,True,https://www.espn.com/nba/game/_/gameId/401360922/knicks-heat,,,,,,
2022-03-23T23:30:00+00:00,2022,REG,Miami Heat,Golden State Warriors,HOME,104,118,23,23,27,27,30,31,24,37,0,OPP,True,https://www.espn.com/nba/game/_/gameId/401360907/warriors-heat,,,,,,
2022-03-21T23:30:00+00:00,2022,REG,Miami Heat,Philadelphia 76ers,AWAY,106,113,32,26,24,31,22,23,28,33,0,OPP,True,https://www.espn.com/nba/game/_/gameId/401360893/heat-76ers,,,,,,
2022-03-19T00:00:00+00:00,2022,REG,Miami Heat,Oklahoma City Thunder,HOME,120,108,27,26,42,28,34,25,17,29,0,TEAM,True,https://www.espn.com/nba/game/_/gameId/401360867/thunder-heat,,,,,,
2022-03-15T23:30:00+00:00,2022,REG,Miami Heat,Detroit Pistons,HOME,105,98,29,22,28,29,11,22,37,25,0,TEAM,True,https://www.espn.com/nba/game/_/gameId/401360850/pistons-heat,,,,,,
2022-03-13T01:00:00+00:00,2022,REG,Miami Heat,Minnesota Timberwolves,HOME,104,113,25,30,42,25,19,34,18,24,0,OPP,True,https://www.espn.com/nba/game/_/gameId/401360824/timberwolves-heat,,,,,,
2022-03-12T01:00:00+00:00,2022,REG,Miami Heat,Cleveland Cavaliers,HOME,117,105,28,18,30,39,27,15,32,33,0,TEAM,True,https://www.espn.com/nba/game/_/gameId/401360817/cavaliers-heat,,,,,,
2022-03-10T00:30:00+00:00,2022,REG,Miami Heat,Phoenix Suns,HOME,90,111,27,29,28,28,19,34,16,20,0,OPP,True,https://www.espn.com/nba/game/_/gameId/401360802/suns-heat,,,,,,
2022-03-08T00:30:00+00:00,2022,REG,Miami Heat,Houston Rockets,HOME,123,106,25,32,37,26,28,20,33,28,0,TEAM,True,https://www.espn.com/nba/game/_/gameId/401360789/rockets-heat,,,,,,
2022-03-06T01:00:00+00:00,2022,REG,Miami Heat,Philadelphia 76ers,HOME,99,82,22,14,32,26,19,28,26,14,0,TEAM,True,https://www.espn.com/nba/game/_/gameId/401360775/76ers-heat,,,,,,
2022-03-04T00:30:00+00:00,2022,REG,Miami Heat,Brooklyn Nets,AWAY,113,107,23,35,37,32,28,17,25,23,0,TEAM,True,https://www.espn.com/nba/game/_/gameId/401360760/heat-nets,,,,,,
2022-03-03T01:00:00+00:00,2022,REG,Miami Heat,Milwaukee Bucks,AWAY,119,120,28,36,38,28,31,29,22,27,0,OPP,True,https://www.espn.com/nba/game/_/gameId/401360755/heat-bucks,,,,,,
2022-03-01T00:30:00+00:00,2022,REG,Miami Heat,Chicago Bulls,HOME,112,99,30,21,25,25,36,21,21,32,0,TEAM,True,https://www.espn.com/nba/game/_/gameId/401360741/bulls-heat,,,,,,
2022-02-27T01:00:00+00:00,2022,REG,Miami Heat,San Antonio Spurs,HOME,133,129,28,40,33,18,38,39,34,32,0,TEAM,True,https://www.espn.com/nba/game/_/gameId/401360727/spurs-heat,,,,,,
2022-02-26T00:30:00+00:00,2022,REG,Miami Heat,New York Knicks,AWAY,115,100,30,32,35,23,25,30,25,15,0,TEAM,True,https://www.espn.com/nba/game/_/gameId/401360719/heat-knicks,,,,,,
2022-02-18T00:00:00+00:00,2022,REG,Miami Heat,Charlotte Hornets,AWAY,111,107,37,30,10,24,17,17,23,16,2,TEAM,True,https://www.espn.com/nba/game/_/gameId/401360704/heat-hornets,10,14,,10,10,
2022-02-16T00:30:00+00:00,2022,REG,Miami Heat,Dallas Mavericks,HOME,99,107,28,23,31,28,19,30,21,26,0,OPP,True,https://www.espn.com/nba/game/_/gameId/401360687/mavericks-heat,,,,,,
2022-02-13T01:00:00+00:00,2022,REG,Miami Heat,Brooklyn Nets,HOME,115,111,26,26,38,32,27,18,24,35,0,TEAM,True,https://www.espn.com/nba/game/_/gameId/401360670/nets-heat,,,,,,
2022-02-11T00:30:00+00:00,2022,REG,Miami Heat,New Orleans Pelicans,AWAY,112,97,27,24,29,31,27,18,29,24,0,TEAM,True,https://www.espn.com/nba/game/_/gameId/401360652/heat-pelicans,,,,,,
2022-02-08T00:00:00+00:00,2022,REG,Miami Heat,Washington Wizards,AWAY,121,100,39,24,21,29,31,17,30,30,0,TEAM,True,https://www.espn.com/nba/game/_/gameId/401360630/heat-wizards,,,,,,
2022-02-06T00:00:00+00:00,2022,REG,Miami Heat,Charlotte Hornets,AWAY,104,86,31,23,15,28,35,8,23,27,0,TEAM,True,https://www.espn.com/nba/game/_/gameId/401360616/heat-hornets,,,,,,
2022-02-04T00:00:00+00:00,2022,REG,Miami Heat,San Antonio Spurs,AWAY,112,95,21,19,36,28,31,19,24,29,0,TEAM,True,https://www.espn.com/nba/game/_/gameId/401401143/heat-spurs,,,,,,
2022-02-02T00:30:00+00:00,2022,REG,Miami Heat,Toronto Raptors,AWAY,106,110,32,22,30,28,21,30,23,30,0,OPP,True,https://www.espn.com/nba/game/_/gameId/401360603/heat-raptors,,,,,,
2022-02-01T00:30:00+00:00,2022,REG,Miami Heat,Boston Celtics,AWAY,92,122,14,27,31,27,25,40,22,28,0,OPP,True,https://www.espn.com/nba/game/_/gameId/401360581/heat-celtics,,,,,,
2022-01-30T01:00:00+00:00,2022,REG,Miami Heat,Toronto Raptors,HOME,120,124,27,28,26,31,22,26,25,15,3,OPP,True,https://www.espn.com/nba/game/_/gameId/401360567/raptors-heat,5,9,6,5,9,10
2022-01-29T01:00:00+00:00,2022,REG,Miami Heat,LA Clippers,HOME,121,114,28,19,29,26,39,35,25,34,0,TEAM,True,https://www.espn.com/nba/game/_/gameId/401360557/clippers-heat,,,,,,
2022-01-27T00:30:00+00:00,2022,REG,Miami Heat,New York Knicks,HOME,110,96,30,16,29,30,33,21,18,29,0,TEAM,True,https://www.espn.com/nba/game/_/gameId/401360546/knicks-heat,,,,,,
2022-01-23T23:00:00+00:00,2022,REG,Miami Heat,Los Angeles Lakers,HOME,113,107,39,25,30,27,20,18,24,37,0,TEAM,True,https://www.espn.com/nba/game/_/gameId/401360519/lakers-heat,,,,,,
2022-01-22T00:30:00+00:00,2022,REG,Miami Heat,Atlanta Hawks,AWAY,108,110,30,31,21,29,23,28,34,22,0,OPP,True,https://www.espn.com/nba/game/_/gameId/401360506/heat-hawks,,,,,,
2022-01-20T00:30:00+00:00,2022,REG,Miami Heat,Portland Trail Blazers,HOME,104,92,23,26,35,30,20,24,26,12,0,TEAM,True,https://www.espn.com/nba/game/_/gameId/401360491/trail-blazers-heat,,,,,,
2022-01-18T00:30:00+00:00,2022,REG,Miami Heat,Toronto Raptors,HOME,104,99,27,30,31,21,22,24,24,24,0,TEAM,True,https://www.espn.com/nba/game/_/gameId/401360481/raptors-heat,,,,,,
2022-01-16T01:00:00+00:00,2022,REG,Miami Heat,Philadelphia 76ers,HOME,98,109,29,20,21,23,23,32,25,34,0,OPP,True,https://www.espn.com/nba/game/_/gameId/401360464/76ers-heat,,,,,,
2022-01-15T01:00:00+00:00,2022,REG,Miami Heat,Atlanta Hawks,HOME,124,118,40,30,24,40,30,29,30,19,0,TEAM,True,https://www.espn.com/nba/game/_/gameId/401360455/hawks-heat,,,,,,
2022-01-13T00:30:00+00:00,2022,REG,Miami Heat,Atlanta Hawks,AWAY,115,91,21,27,35,24,30,16,29,24,0,TEAM,True,https://www.espn.com/nba/game/_/gameId/401360440/heat-hawks,,,,,,
2022-01-09T02:00:00+00:00,2022,REG,Miami Heat,Phoenix Suns,AWAY,123,100,33,29,38,21,27,29,25,21,0,TEAM,True,https://www.espn.com/nba/game/_/gameId/401360415/heat-suns,,,,,,
2022-01-06T03:00:00+00:00,2022,REG,Miami Heat,Portland Trail Blazers,AWAY,115,109,30,23,28,24,25,33,32,29,0,TEAM,True,https://www.espn.com/nba/game/_/gameId/401360395/heat-trail-blazers,,,,,,
2022-01-04T03:00:00+00:00,2022,REG,Miami Heat,Golden State Warriors,AWAY,108,115,25,33,29,26,28,30,26,26,0,OPP,True,https://www.espn.com/nba/game/_/gameId/401360378/heat-warriors,,,,,,
2022-01-02T23:00:00+00:00,2022,REG,Miami Heat,Sacramento Kings,AWAY,113,115,18,26,39,35,33,29,23,25,0,OPP,True,https://www.espn.com/nba/game/_/gameId/401360367/heat-kings,,,,,,
2022-01-01T00:00:00+00:00,2022,REG,Miami Heat,Houston Rockets,AWAY,120,110,41,30,33,30,26,27,20,23,0,TEAM,True,https://www.espn.com/nba/game/_/gameId/401360351/heat-rockets,,,,,,
2021-12-30T01:30:00+00:00,2022,REG,Miami Heat,San Antonio Spurs,AWAY,0,0,0,0,0,0,0,0,0,0,0,TIE,True,https://www.espn.com/nba/game/_/gameId/401360340/heat-spurs,,,,,,
2021-12-29T00:30:00+00:00,2022,REG,Miami Heat,Washington Wizards,HOME,119,112,38,24,27,27,26,22,28,39,0,TEAM,True,https://www.espn.com/nba/game/_/gameId/401360328/wizards-heat,,,,,,
2021-12-26T20:30:00+00:00,2022,REG,Miami Heat,Orlando Magic,HOME,93,83,22,24,20,15,30,21,21,23,0,TEAM,True,https://www.espn.com/nba/game/_/gameId/401360312/magic-heat,,,,,,
2021-12-24T00:30:00+00:00,2022,REG,Miami Heat,Detroit Pistons,HOME,115,112,29,29,26,32,33,26,27,25,0,TEAM,True,https://www.espn.com/nba/game/_/gameId/401360303/pistons-heat,,,,,,
2021-12-22T00:30:00+00:00,2022,REG,Miami Heat,Indiana Pacers,HOME,125,96,33,21,35,24,30,24,27,27,0,TEAM,True,https://www.espn.com/nba/game/_/gameId/401360289/pacers-heat,,,,,,
2021-12-19T23:00:00+00:00,2022,REG,Miami Heat,Detroit Pistons,AWAY,90,100,23,20,25,26,19,33,23,21,0,OPP,True,https://www.espn.com/nba/game/_/gameId/401360273/heat-pistons,,,,,,
2021-12-18T00:00:00+00:00,2022,REG,Miami Heat,Orlando Magic,AWAY,115,105,31,22,35,35,27,26,22,22,0,TEAM,True,https://www.espn.com/nba/game/_/gameId/401360257/heat-magic,,,,,,
2021-12-16T00:00:00+00:00,2022,REG,Miami Heat,Philadelphia 76ers,AWAY,101,96,29,18,29,31,23,21,20,26,0,TEAM,True,https://www.espn.com/nba/game/_/gameId/401360243/heat-76ers,,,,,,
2021-12-14T00:00:00+00:00,2022,REG,Miami Heat,Cleveland Cavaliers,AWAY,94,105,25,23,19,32,29,23,21,27,0,OPP,True,https://www.espn.com/nba/game/_/gameId/401360228/heat-cavaliers,,,,,,
2021-12-12T01:00:00+00:00,2022,REG,Miami Heat,Chicago Bulls,HOME,118,92,39,25,26,27,21,18,32,22,0,TEAM,True,https://www.espn.com/nba/game/_/gameId/401360218/bulls-heat,,,,,,
2021-12-09T00:30:00+00:00,2022,REG,Miami Heat,Milwaukee Bucks,HOME,113,104,24,26,20,25,39,26,30,27,0,TEAM,True,https://www.espn.com/nba/game/_/gameId/401360194/bucks-heat,,,,,,
2021-12-07T00:30:00+00:00,2022,REG,Miami Heat,Memphis Grizzlies,HOME,90,105,25,34,24,26,18,22,23,23,0,OPP,True,https://www.espn.com/nba/game/_/gameId/401360180/grizzlies-heat,,,,,,
2021-12-05T01:00:00+00:00,2022,REG,Miami Heat,Milwaukee Bucks,AWAY,102,124,23,34,29,35,24,36,26,19,0,OPP,True,https://www.espn.com/nba/game/_/gameId/401360168/heat-bucks,,,,,,
2021-12-04T00:00:00+00:00,2022,REG,Miami Heat,Indiana Pacers,AWAY,113,104,32,25,30,30,30,26,21,23,0,TEAM,True,https://www.espn.com/nba/game/_/gameId/401360157/heat-pacers,,,,,,
2021-12-02T00:30:00+00:00,2022,REG,Miami Heat,Cleveland Cavaliers,HOME,85,111,16,31,27,30,20,26,22,24,0,OPP,True,https://www.espn.com/nba/game/_/gameId/401360147/cavaliers-heat,,,,,,
2021-11-30T00:30:00+00:00,2022,REG,Miami Heat,Denver Nuggets,HOME,111,120,23,32,20,31,35,32,33,25,0,OPP,True,https://www.espn.com/nba/game/_/gameId/401360130/nuggets-heat,,,,,,
2021-11-28T01:00:00+00:00,2022,REG,Miami Heat,Chicago Bulls,AWAY,107,104,27,20,22,26,23,28,35,30,0,TEAM,True,https://www.espn.com/nba/game/_/gameId/401360120/heat-bulls,,,,,,
2021-11-25T01:00:00+00:00,2022,REG,Miami Heat,Minnesota Timberwolves,AWAY,101,113,27,30,35,24,20,32,19,27,0,OPP,True,https://www.espn.com/nba/game/_/gameId/401360098/heat-timberwolves,,,,,,
2021-11-24T00:00:00+00:00,2022,REG,Miami Heat,Detroit Pistons,AWAY,100,92,20,25,26,28,21,23,33,16,0,TEAM,True,https://www.espn.com/nba/game/_/gameId/401360087/heat-pistons,,,,,,
2021-11-21T00:00:00+00:00,2022,REG,Miami Heat,Washington Wizards,AWAY,100,103,25,26,18,15,32,30,25,32,0,OPP,True,https://www.espn.com/nba/game/_/gameId/401360065/heat-wizards,,,,,,
2021-11-19T00:30:00+00:00,2022,REG,Miami Heat,Washington Wizards,HOME,112,97,21,19,26,21,36,30,29,27,0,TEAM,True,https://www.espn.com/nba/game/_/gameId/401360049/wizards-heat,,,,,,
2021-11-18T00:30:00+00:00,2022,REG,Miami Heat,New Orleans Pelicans,HOME,113,98,21,34,26,18,34,18,32,28,0,TEAM,True,https://www.espn.com/nba/game/_/gameId/401360041/pelicans-heat,,,,,,
2021-11-16T01:00:00+00:00,2022,REG,Miami Heat,Oklahoma City Thunder,AWAY,103,90,23,24,20,19,31,24,29,23,0,TEAM,True,https://www.espn.com/nba/game/_/gameId/401360031/heat-thunder,,,,,,
2021-11-13T22:00:00+00:00,2022,REG,Miami Heat,Utah Jazz,AWAY,111,105,27,24,31,24,37,21,16,36,0,TEAM,True,https://www.espn.com/nba/game/_/gameId/401360009/heat-jazz,,,,,,
2021-11-12T03:30:00+00:00,2022,REG,Miami Heat,LA Clippers,AWAY,109,112,40,25,18,31,20,30,31,26,0,OPP,True,https://www.espn.com/nba/game/_/gameId/401359997/heat-clippers,,,,,,
2021-11-11T03:00:00+00:00,2022,REG,Miami Heat,Los Angeles Lakers,AWAY,117,120,25,28,32,27,29,27,26,30,1,OPP,True,https://www.espn.com/nba/game/_/gameId/401359994/heat-lakers,5,,,8,,
2021-11-09T02:00:00+00:00,2022,REG,Miami Heat,Denver Nuggets,AWAY,96,113,25,30,24,34,21,27,26,22,0,OPP,True,https://www.espn.com/nba/game/_/gameId/401359975/heat-nuggets,,,,,,
2021-11-06T23:30:00+00:00,2022,REG,Miami Heat,Utah Jazz,HOME,118,115,27,24,28,28,32,26,31,37,0,TEAM,True,https://www.espn.com/nba/game/_/gameId/401359958/jazz-heat,,,,,,
2021-11-04T23:30:00+00:00,2022,REG,Miami Heat,Boston Celtics,HOME,78,95,24,18,9,33,24,24,21,20,0,OPP,True,https://www.espn.com/nba/game/_/gameId/401359945/celtics-heat,,,,,,
2021-11-02T23:30:00+00:00,2022,REG,Miami Heat,Dallas Mavericks,AWAY,125,110,24,30,46,32,29,26,26,22,0,TEAM,True,https://www.espn.com/nba/game/_/gameId/401359928/heat-mavericks,,,,,,
2021-10-31T00:00:00+00:00,2022,REG,Miami Heat,Memphis Grizzlies,AWAY,129,103,38,22,29,32,35,25,27,24,0,TEAM,True,https://www.espn.com/nba/game/_/gameId/401359908/heat-grizzlies,,,,,,
2021-10-29T23:30:00+00:00,2022,REG,Miami Heat,Charlotte Hornets,HOME,114,99,33,22,31,24,20,29,30,24,0,TEAM,True,https://www.espn.com/nba/game/_/gameId/401359897/hornets-heat,,,,,,
2021-10-27T23:30:00+00:00,2022,REG,Miami Heat,Brooklyn Nets,AWAY,106,93,29,22,20,29,32,23,25,19,0,TEAM,True,https://www.espn.com/nba/game/_/gameId/401359881/heat-nets,,,,,,
2021-10-25T23:30:00+00:00,2022,REG,Miami Heat,Orlando Magic,HOME,107,90,27,15,30,29,24,26,26,20,0,TEAM,True,https://www.espn.com/nba/game/_/gameId/401359869/magic-heat,,,,,,
2021-10-23T23:00:00+00:00,2022,REG,Miami Heat,Indiana Pacers,AWAY,91,102,24,28,22,28,17,8,23,22,1,OPP,True,https://www.espn.com/nba/game/_/gameId/401359852/heat-pacers,5,,,16,,
2021-10-22T00:00:00+00:00,2022,REG,Miami Heat,Milwaukee Bucks,HOME,137,95,40,17,32,26,33,26,32,26,0,TEAM,True,https://www.espn.com/nba/game/_/gameId/401359842/bucks-heat,,,,,,
