date,season,season_type,team,opponent,location,team_total,opp_total,team_q1,opp_q1,team_q2,opp_q2,team_q3,opp_q3,team_q4,opp_q4,ot_count,winner,valid_linescore,espn_url,team_ot1,team_ot2,opp_ot1,opp_ot2
2026-01-04T00:30:00+00:00,2026,REG,Philadelphia 76ers,New York Knicks,AWAY,130,119,31,30,35,28,33,29,31,32,0,TEAM,True,https://www.espn.com/nba/game/_/gameId/401810342/76ers-knicks,,,,
2026-01-02T01:30:00+00:00,2026,REG,Philadelphia 76ers,Dallas Mavericks,AWAY,123,108,27,33,41,24,24,26,31,25,0,TEAM,True,https://www.espn.com/nba/game/_/gameId/401810328/76ers-mavericks,,,,
2025-12-31T01:00:00+00:00,2026,REG,Philadelphia 76ers,Memphis Grizzlies,AWAY,139,136,34,40,38,32,31,28,25,28,1,TEAM,True,https://www.espn.com/nba/game/_/gameId/401810313/76ers-grizzlies,11,,8,
2025-12-28T20:30:00+00:00,2026,REG,Philadelphia 76ers,Oklahoma City Thunder,AWAY,104,129,29,32,33,32,24,38,18,27,0,OPP,True,https://www.espn.com/nba/game/_/gameId/401810297/76ers-thunder,,,,
2025-12-27T00:30:00+00:00,2026,REG,Philadelphia 76ers,Chicago Bulls,AWAY,102,109,28,30,24,19,33,32,17,28,0,OPP,True,https://www.espn.com/nba/game/_/gameId/401810282/76ers-bulls,,,,
2025-12-24T00:00:00+00:00,2026,REG,Philadelphia 76ers,Brooklyn Nets,HOME,106,114,27,27,30,36,20,26,29,25,0,OPP,True,https://www.espn.com/nba/game/_/gameId/401810265/nets-76ers,,,,
2025-12-21T00:00:00+00:00,2026,REG,Philadelphia 76ers,Dallas Mavericks,HOME,121,114,38,33,30,29,23,35,30,17,0,TEAM,True,https://www.espn.com/nba/game/_/gameId/401810242/mavericks-76ers,,,,
2025-12-20T00:00:00+00:00,2026,REG,Philadelphia 76ers,New York Knicks,AWAY,116,107,29,29,28,30,31,28,28,20,0,TEAM,True,https://www.espn.com/nba/game/_/gameId/401810237/76ers-knicks,,,,
2025-12-14T23:00:00+00:00,2026,REG,Philadelphia 76ers,Atlanta Hawks,AWAY,117,120,29,39,26,20,36,35,26,26,0,OPP,True,https://www.espn.com/nba/game/_/gameId/401836798/76ers-hawks,,,,
2025-12-13T00:00:00+00:00,2026,REG,Philadelphia 76ers,Indiana Pacers,HOME,115,105,34,31,29,27,27,32,25,15,0,TEAM,True,https://www.espn.com/nba/game/_/gameId/401836752/pacers-76ers,,,,
2025-12-08T00:30:00+00:00,2026,REG,Philadelphia 76ers,Los Angeles Lakers,HOME,108,112,30,30,30,23,24,34,24,25,0,OPP,True,https://www.espn.com/nba/game/_/gameId/401810217/lakers-76ers,,,,
2025-12-06T01:00:00+00:00,2026,REG,Philadelphia 76ers,Milwaukee Bucks,AWAY,116,101,33,20,36,29,24,28,23,24,0,TEAM,True,https://www.espn.com/nba/game/_/gameId/401810203/76ers-bucks,,,,
2025-12-05T00:00:00+00:00,2026,REG,Philadelphia 76ers,Golden State Warriors,HOME,99,98,30,10,26,24,24,32,19,32,0,TEAM,True,https://www.espn.com/nba/game/_/gameId/401810188/warriors-76ers,,,,
2025-12-03T00:00:00+00:00,2026,REG,Philadelphia 76ers,Washington Wizards,HOME,121,102,34,31,32,23,35,23,20,25,0,TEAM,True,https://www.espn.com/nba/game/_/gameId/401810173/wizards-76ers,,,,
2025-11-30T23:00:00+00:00,2026,REG,Philadelphia 76ers,Atlanta Hawks,HOME,134,142,29,25,29,32,31,26,26,32,2,OPP,True,https://www.espn.com/nba/game/_/gameId/401810159/hawks-76ers,11,8,11,16
2025-11-29T00:30:00+00:00,2026,REG,Philadelphia 76ers,Brooklyn Nets,AWAY,115,103,31,23,32,25,24,27,28,28,0,TEAM,True,https://www.espn.com/nba/game/_/gameId/401809812/76ers-nets,,,,
2025-11-26T01:00:00+00:00,2026,REG,Philadelphia 76ers,Orlando Magic,HOME,103,144,35,35,25,51,23,35,20,23,0,OPP,True,https://www.espn.com/nba/game/_/gameId/401809800/magic-76ers,,,,
2025-11-23T18:00:00+00:00,2026,REG,Philadelphia 76ers,Miami Heat,HOME,117,127,27,37,40,34,26,28,24,28,0,OPP,True,https://www.espn.com/nba/game/_/gameId/401810130/heat-76ers,,,,
2025-11-21T01:00:00+00:00,2026,REG,Philadelphia 76ers,Milwaukee Bucks,AWAY,123,114,33,20,22,37,22,24,29,25,1,TEAM,True,https://www.espn.com/nba/game/_/gameId/401810121/76ers-bucks,17,,8,
2025-11-20T00:00:00+00:00,2026,REG,Philadelphia 76ers,Toronto Raptors,HOME,112,121,28,33,28,20,26,44,30,24,0,OPP,True,https://www.espn.com/nba/game/_/gameId/401810113/raptors-76ers,,,,
2025-11-18T00:00:00+00:00,2026,REG,Philadelphia 76ers,LA Clippers,HOME,110,108,25,33,21,23,27,27,37,25,0,TEAM,True,https://www.espn.com/nba/game/_/gameId/401810098/clippers-76ers,,,,
2025-11-15T00:30:00+00:00,2026,REG,Philadelphia 76ers,Detroit Pistons,AWAY,105,114,27,28,27,35,36,25,15,26,0,OPP,True,https://www.espn.com/nba/game/_/gameId/401809783/76ers-pistons,,,,
2025-11-12T01:00:00+00:00,2026,REG,Philadelphia 76ers,Boston Celtics,HOME,102,100,23,22,28,19,20,36,31,23,0,TEAM,True,https://www.espn.com/nba/game/_/gameId/401810064/celtics-76ers,,,,
2025-11-10T00:30:00+00:00,2026,REG,Philadelphia 76ers,Detroit Pistons,HOME,108,111,32,37,32,17,21,34,23,23,0,OPP,True,https://www.espn.com/nba/game/_/gameId/401810050/pistons-76ers,,,,
2025-11-09T00:30:00+00:00,2026,REG,Philadelphia 76ers,Toronto Raptors,HOME,130,120,33,43,35,20,33,34,29,23,0,TEAM,True,https://www.espn.com/nba/game/_/gameId/401810039/raptors-76ers,,,,
2025-11-06T00:00:00+00:00,2026,REG,Philadelphia 76ers,Cleveland Cavaliers,AWAY,121,132,27,41,40,29,20,37,34,25,0,OPP,True,https://www.espn.com/nba/game/_/gameId/401810026/76ers-cavaliers,,,,
2025-11-05T01:00:00+00:00,2026,REG,Philadelphia 76ers,Chicago Bulls,AWAY,111,113,45,27,30,29,20,28,16,29,0,OPP,True,https://www.espn.com/nba/game/_/gameId/401810022/76ers-bulls,,,,
2025-11-02T23:00:00+00:00,2026,REG,Philadelphia 76ers,Brooklyn Nets,AWAY,129,105,40,37,33,18,17,23,39,27,0,TEAM,True,https://www.espn.com/nba/game/_/gameId/401810004/76ers-nets,,,,
2025-10-31T23:00:00+00:00,2026,REG,Philadelphia 76ers,Boston Celtics,HOME,108,109,25,38,32,30,25,21,26,20,0,OPP,True,https://www.espn.com/nba/game/_/gameId/401809503/celtics-76ers,,,,
2025-10-28T23:00:00+00:00,2026,REG,Philadelphia 76ers,Washington Wizards,AWAY,139,134,32,40,36,32,26,38,32,16,1,TEAM,True,https://www.espn.com/nba/game/_/gameId/401809978/76ers-wizards,13,,8,
2025-10-27T23:00:00+00:00,2026,REG,Philadelphia 76ers,Orlando Magic,HOME,136,124,33,28,39,32,29,34,35,30,0,TEAM,True,https://www.espn.com/nba/game/_/gameId/401809969/magic-76ers,,,,
2025-10-25T23:30:00+00:00,2026,REG,Philadelphia 76ers,Charlotte Hornets,HOME,125,121,36,29,25,29,25,38,39,25,0,TEAM,True,https://www.espn.com/nba/game/_/gameId/401809957/hornets-76ers,,,,
2025-10-22T23:30:00+00:00,2026,REG,Philadelphia 76ers,Boston Celtics,AWAY,117,116,26,28,31,23,18,35,42,30,0,TEAM,True,https://www.espn.com/nba/game/_/gameId/401809936/76ers-celtics,,,,
2025-04-13T17:00:00+00:00,2025,REG,Philadelphia 76ers,Chicago Bulls,HOME,102,122,29,29,27,20,19,37,27,36,0,OPP,True,https://www.espn.com/nba/game/_/gameId/401705757/bulls-76ers,,,,
2025-04-11T23:00:00+00:00,2025,REG,Philadelphia 76ers,Atlanta Hawks,HOME,110,124,26,29,40,31,19,31,25,33,0,OPP,True,https://www.espn.com/nba/game/_/gameId/401705739/hawks-76ers,,,,
2025-04-09T23:00:00+00:00,2025,REG,Philadelphia 76ers,Washington Wizards,AWAY,122,103,25,23,28,27,36,29,33,24,0,TEAM,True,https://www.espn.com/nba/game/_/gameId/401705723/76ers-wizards,,,,
2025-04-07T23:30:00+00:00,2025,REG,Philadelphia 76ers,Miami Heat,AWAY,105,117,28,29,25,32,30,22,22,34,0,OPP,True,https://www.espn.com/nba/game/_/gameId/401705711/76ers-heat,,,,
2025-04-05T23:00:00+00:00,2025,REG,Philadelphia 76ers,Minnesota Timberwolves,HOME,109,114,23,27,28,28,31,28,27,31,0,OPP,True,https://www.espn.com/nba/game/_/gameId/401705696/timberwolves-76ers,,,,
2025-04-03T23:00:00+00:00,2025,REG,Philadelphia 76ers,Milwaukee Bucks,HOME,113,126,39,25,20,36,28,35,26,30,0,OPP,True,https://www.espn.com/nba/game/_/gameId/401705681/bucks-76ers,,,,
2025-04-01T23:30:00+00:00,2025,REG,Philadelphia 76ers,New York Knicks,AWAY,91,105,26,35,16,24,28,21,21,25,0,OPP,True,https://www.espn.com/nba/game/_/gameId/401705664/76ers-knicks,,,,
2025-03-30T23:30:00+00:00,2025,REG,Philadelphia 76ers,Toronto Raptors,HOME,109,127,31,32,18,31,33,32,27,32,0,OPP,True,https://www.espn.com/nba/game/_/gameId/401705653/raptors-76ers,,,,
2025-03-29T23:30:00+00:00,2025,REG,Philadelphia 76ers,Miami Heat,HOME,95,118,29,34,24,28,22,34,20,22,0,OPP,True,https://www.espn.com/nba/game/_/gameId/401705642/heat-76ers,,,,
2025-03-26T23:00:00+00:00,2025,REG,Philadelphia 76ers,Washington Wizards,HOME,114,119,29,45,29,22,27,30,29,22,0,OPP,True,https://www.espn.com/nba/game/_/gameId/401705619/wizards-76ers,,,,
2025-03-25T00:00:00+00:00,2025,REG,Philadelphia 76ers,New Orleans Pelicans,AWAY,99,112,23,29,26,29,26,32,24,22,0,OPP,True,https://www.espn.com/nba/game/_/gameId/401705607/76ers-pelicans,,,,
2025-03-23T22:00:00+00:00,2025,REG,Philadelphia 76ers,Atlanta Hawks,AWAY,119,132,24,35,28,29,30,41,37,27,0,OPP,True,https://www.espn.com/nba/game/_/gameId/401705597/76ers-hawks,,,,
2025-03-22T00:00:00+00:00,2025,REG,Philadelphia 76ers,San Antonio Spurs,AWAY,120,128,26,28,26,36,43,27,25,37,0,OPP,True,https://www.espn.com/nba/game/_/gameId/401705584/76ers-spurs,,,,
2025-03-20T00:00:00+00:00,2025,REG,Philadelphia 76ers,Oklahoma City Thunder,AWAY,100,133,26,42,30,28,18,33,26,30,0,OPP,True,https://www.espn.com/nba/game/_/gameId/401705568/76ers-thunder,,,,
2025-03-18T00:00:00+00:00,2025,REG,Philadelphia 76ers,Houston Rockets,AWAY,137,144,44,28,34,29,24,45,29,29,1,OPP,True,https://www.espn.com/nba/game/_/gameId/401705551/76ers-rockets,6,,13,
2025-03-16T17:00:00+00:00,2025,REG,Philadelphia 76ers,Dallas Mavericks,AWAY,130,125,36,32,28,36,34,18,32,39,0,TEAM,True,https://www.espn.com/nba/game/_/gameId/401705542/76ers-mavericks,,,,
2025-03-14T23:00:00+00:00,2025,REG,Philadelphia 76ers,Indiana Pacers,HOME,100,112,26,18,25,29,24,31,25,34,0,OPP,True,https://www.espn.com/nba/game/_/gameId/401705525/pacers-76ers,,,,
2025-03-12T23:30:00+00:00,2025,REG,Philadelphia 76ers,Toronto Raptors,AWAY,105,118,23,29,32,40,31,20,19,29,0,OPP,True,https://www.espn.com/nba/game/_/gameId/401705513/76ers-raptors,,,,
2025-03-10T23:30:00+00:00,2025,REG,Philadelphia 76ers,Atlanta Hawks,AWAY,123,132,31,33,26,33,23,31,43,35,0,OPP,True,https://www.espn.com/nba/game/_/gameId/401705494/76ers-hawks,,,,
2025-03-09T23:30:00+00:00,2025,REG,Philadelphia 76ers,Utah Jazz,HOME,126,122,27,32,38,26,36,25,25,39,0,TEAM,True,https://www.espn.com/nba/game/_/gameId/401705490/jazz-76ers,,,,
2025-03-07T00:30:00+00:00,2025,REG,Philadelphia 76ers,Boston Celtics,AWAY,105,123,24,35,22,29,33,33,26,26,0,OPP,True,https://www.espn.com/nba/game/_/gameId/401705466/76ers-celtics,,,,
2025-03-05T01:00:00+00:00,2025,REG,Philadelphia 76ers,Minnesota Timberwolves,AWAY,112,126,22,24,31,33,27,26,32,43,0,OPP,True,https://www.espn.com/nba/game/_/gameId/401705453/76ers-timberwolves,,,,
2025-03-04T00:00:00+00:00,2025,REG,Philadelphia 76ers,Portland Trail Blazers,HOME,102,119,32,29,29,27,20,35,21,28,0,OPP,True,https://www.espn.com/nba/game/_/gameId/401705442/trail-blazers-76ers,,,,
2025-03-02T01:30:00+00:00,2025,REG,Philadelphia 76ers,Golden State Warriors,HOME,126,119,30,30,37,25,29,35,30,29,0,TEAM,True,https://www.espn.com/nba/game/_/gameId/401705430/warriors-76ers,,,,
2025-02-27T00:00:00+00:00,2025,REG,Philadelphia 76ers,New York Knicks,AWAY,105,110,21,33,24,28,29,22,31,27,0,OPP,True,https://www.espn.com/nba/game/_/gameId/401705404/76ers-knicks,,,,
2025-02-25T00:00:00+00:00,2025,REG,Philadelphia 76ers,Chicago Bulls,HOME,110,142,30,39,28,36,18,40,34,27,0,OPP,True,https://www.espn.com/nba/game/_/gameId/401705389/bulls-76ers,,,,
2025-02-23T00:30:00+00:00,2025,REG,Philadelphia 76ers,Brooklyn Nets,HOME,103,105,30,40,22,23,24,20,27,22,0,OPP,True,https://www.espn.com/nba/game/_/gameId/401705373/nets-76ers,,,,
2025-02-21T00:00:00+00:00,2025,REG,Philadelphia 76ers,Boston Celtics,HOME,104,124,28,36,28,36,18,28,30,24,0,OPP,True,https://www.espn.com/nba/game/_/gameId/401705355/celtics-76ers,,,,
2025-02-13T00:30:00+00:00,2025,REG,Philadelphia 76ers,Brooklyn Nets,AWAY,96,100,27,29,22,24,17,23,30,24,0,OPP,True,https://www.espn.com/nba/game/_/gameId/401705338/76ers-nets,,,,
2025-02-12T00:00:00+00:00,2025,REG,Philadelphia 76ers,Toronto Raptors,HOME,103,106,18,26,34,24,29,34,22,22,0,OPP,True,https://www.espn.com/nba/game/_/gameId/401705330/raptors-76ers,,,,
2025-02-09T19:00:00+00:00,2025,REG,Philadelphia 76ers,Milwaukee Bucks,AWAY,127,135,39,40,24,25,28,38,36,32,0,OPP,True,https://www.espn.com/nba/game/_/gameId/401705320/76ers-bucks,,,,
2025-02-08T00:30:00+00:00,2025,REG,Philadelphia 76ers,Detroit Pistons,AWAY,112,125,27,42,22,36,39,29,24,18,0,OPP,True,https://www.espn.com/nba/game/_/gameId/401705304/76ers-pistons,,,,
2025-02-06T00:30:00+00:00,2025,REG,Philadelphia 76ers,Miami Heat,HOME,101,108,25,29,32,33,22,24,22,22,0,OPP,True,https://www.espn.com/nba/game/_/gameId/401705287/heat-76ers,,,,
2025-02-05T00:00:00+00:00,2025,REG,Philadelphia 76ers,Dallas Mavericks,HOME,118,116,36,31,22,34,36,22,24,29,0,TEAM,True,https://www.espn.com/nba/game/_/gameId/401705278/mavericks-76ers,,,,
2025-02-02T23:00:00+00:00,2025,REG,Philadelphia 76ers,Boston Celtics,HOME,110,118,29,21,32,23,33,36,16,38,0,OPP,True,https://www.espn.com/nba/game/_/gameId/401705264/celtics-76ers,,,,
2025-02-01T00:30:00+00:00,2025,REG,Philadelphia 76ers,Denver Nuggets,HOME,134,137,36,38,33,35,31,30,34,34,0,OPP,True,https://www.espn.com/nba/game/_/gameId/401705247/nuggets-76ers,,,,
2025-01-30T00:30:00+00:00,2025,REG,Philadelphia 76ers,Sacramento Kings,HOME,117,104,28,30,32,26,29,31,28,17,0,TEAM,True,https://www.espn.com/nba/game/_/gameId/401705235/kings-76ers,,,,
2025-01-29T00:30:00+00:00,2025,REG,Philadelphia 76ers,Los Angeles Lakers,HOME,118,104,25,25,48,32,26,19,19,28,0,TEAM,True,https://www.espn.com/nba/game/_/gameId/401705226/lakers-76ers,,,,
2025-01-26T01:00:00+00:00,2025,REG,Philadelphia 76ers,Chicago Bulls,AWAY,109,97,30,28,30,25,20,30,29,14,0,TEAM,True,https://www.espn.com/nba/game/_/gameId/401705208/76ers-bulls,,,,
2025-01-25T00:00:00+00:00,2025,REG,Philadelphia 76ers,Cleveland Cavaliers,HOME,132,129,39,33,25,34,34,29,34,33,0,TEAM,True,https://www.espn.com/nba/game/_/gameId/401705197/cavaliers-76ers,,,,
2025-01-22T03:00:00+00:00,2025,REG,Philadelphia 76ers,Denver Nuggets,AWAY,109,144,27,35,40,42,27,40,15,27,0,OPP,True,https://www.espn.com/nba/game/_/gameId/401705175/76ers-nuggets,,,,
2025-01-20T00:00:00+00:00,2025,REG,Philadelphia 76ers,Milwaukee Bucks,AWAY,109,123,21,30,29,29,31,31,28,33,0,OPP,True,https://www.espn.com/nba/game/_/gameId/401705160/76ers-bucks,,,,
2025-01-19T00:00:00+00:00,2025,REG,Philadelphia 76ers,Indiana Pacers,AWAY,102,115,23,28,36,33,21,28,22,26,0,OPP,True,https://www.espn.com/nba/game/_/gameId/401705154/76ers-pacers,,,,
2025-01-16T00:00:00+00:00,2025,REG,Philadelphia 76ers,New York Knicks,HOME,119,125,21,30,26,30,38,25,24,24,1,OPP,True,https://www.espn.com/nba/game/_/gameId/401705127/knicks-76ers,10,,16,
2025-01-15T00:00:00+00:00,2025,REG,Philadelphia 76ers,Oklahoma City Thunder,HOME,102,118,21,37,22,21,38,29,21,31,0,OPP,True,https://www.espn.com/nba/game/_/gameId/401705121/thunder-76ers,,,,
2025-01-12T23:00:00+00:00,2025,REG,Philadelphia 76ers,Orlando Magic,AWAY,99,104,21,24,27,25,29,24,22,31,0,OPP,True,https://www.espn.com/nba/game/_/gameId/401705110/76ers-magic,,,,
2025-01-11T00:00:00+00:00,2025,REG,Philadelphia 76ers,New Orleans Pelicans,HOME,115,123,24,28,23,25,31,34,37,36,0,OPP,True,https://www.espn.com/nba/game/_/gameId/401705093/pelicans-76ers,,,,
2025-01-09T00:00:00+00:00,2025,REG,Philadelphia 76ers,Washington Wizards,HOME,109,103,32,25,27,23,29,26,21,29,0,TEAM,True,https://www.espn.com/nba/game/_/gameId/401705078/wizards-76ers,,,,
2025-01-07T00:00:00+00:00,2025,REG,Philadelphia 76ers,Phoenix Suns,HOME,99,109,23,16,23,26,27,36,26,31,0,OPP,True,https://www.espn.com/nba/game/_/gameId/401705060/suns-76ers,,,,
2025-01-04T23:00:00+00:00,2025,REG,Philadelphia 76ers,Brooklyn Nets,AWAY,123,94,29,19,35,28,27,19,32,28,0,TEAM,True,https://www.espn.com/nba/game/_/gameId/401705044/76ers-nets,,,,
2025-01-03T03:00:00+00:00,2025,REG,Philadelphia 76ers,Golden State Warriors,AWAY,105,139,19,35,33,33,26,35,27,36,0,OPP,True,https://www.espn.com/nba/game/_/gameId/401705033/76ers-warriors,,,,
2025-01-02T03:00:00+00:00,2025,REG,Philadelphia 76ers,Sacramento Kings,AWAY,107,113,30,25,27,32,32,23,18,33,0,OPP,True,https://www.espn.com/nba/game/_/gameId/401705028/76ers-kings,,,,
2024-12-31T03:00:00+00:00,2025,REG,Philadelphia 76ers,Portland Trail Blazers,AWAY,125,103,33,31,31,23,27,18,34,31,0,TEAM,True,https://www.espn.com/nba/game/_/gameId/401705013/76ers-trail-blazers,,,,
2024-12-29T02:30:00+00:00,2025,REG,Philadelphia 76ers,Utah Jazz,AWAY,114,111,22,34,35,18,24,29,33,30,0,TEAM,True,https://www.espn.com/nba/game/_/gameId/401704999/76ers-jazz,,,,
2024-12-25T22:00:00+00:00,2025,REG,Philadelphia 76ers,Boston Celtics,AWAY,118,114,30,25,36,33,16,24,36,32,0,TEAM,True,https://www.espn.com/nba/game/_/gameId/401704973/76ers-celtics,,,,
2024-12-24T00:00:00+00:00,2025,REG,Philadelphia 76ers,San Antonio Spurs,HOME,111,106,19,20,29,25,36,30,27,31,0,TEAM,True,https://www.espn.com/nba/game/_/gameId/401704960/spurs-76ers,,,,
2024-12-22T01:00:00+00:00,2025,REG,Philadelphia 76ers,Cleveland Cavaliers,AWAY,99,126,30,30,25,36,21,33,23,27,0,OPP,True,https://www.espn.com/nba/game/_/gameId/401704946/76ers-cavaliers,,,,
2024-12-21T00:00:00+00:00,2025,REG,Philadelphia 76ers,Charlotte Hornets,HOME,108,98,41,23,17,23,27,25,23,27,0,TEAM,True,https://www.espn.com/nba/game/_/gameId/401704939/hornets-76ers,,,,
2024-12-17T00:00:00+00:00,2025,REG,Philadelphia 76ers,Charlotte Hornets,AWAY,121,108,31,23,23,26,41,30,26,29,0,TEAM,True,https://www.espn.com/nba/game/_/gameId/401736815/76ers-hornets,,,,
2024-12-14T00:00:00+00:00,2025,REG,Philadelphia 76ers,Indiana Pacers,HOME,107,121,22,31,28,30,33,29,24,31,0,OPP,True,https://www.espn.com/nba/game/_/gameId/401736803/pacers-76ers,,,,
2024-12-08T18:00:00+00:00,2025,REG,Philadelphia 76ers,Chicago Bulls,AWAY,108,100,23,33,39,17,26,29,20,21,0,TEAM,True,https://www.espn.com/nba/game/_/gameId/401704913/76ers-bulls,,,,
2024-12-07T00:00:00+00:00,2025,REG,Philadelphia 76ers,Orlando Magic,HOME,102,94,25,27,25,14,21,18,31,35,0,TEAM,True,https://www.espn.com/nba/game/_/gameId/401704899/magic-76ers,,,,
2024-12-05T00:30:00+00:00,2025,REG,Philadelphia 76ers,Orlando Magic,HOME,102,106,22,34,31,19,24,24,25,29,0,OPP,True,https://www.espn.com/nba/game/_/gameId/401704888/magic-76ers,,,,
2024-12-04T00:00:00+00:00,2025,REG,Philadelphia 76ers,Charlotte Hornets,AWAY,110,104,32,20,23,24,25,25,30,35,0,TEAM,True,https://www.espn.com/nba/game/_/gameId/401703419/76ers-hornets,,,,
2024-12-01T00:00:00+00:00,2025,REG,Philadelphia 76ers,Detroit Pistons,AWAY,111,96,37,20,20,32,32,17,22,27,0,TEAM,True,https://www.espn.com/nba/game/_/gameId/401704867/76ers-pistons,,,,
2024-11-28T00:00:00+00:00,2025,REG,Philadelphia 76ers,Houston Rockets,HOME,115,122,24,35,27,20,31,33,26,20,1,OPP,True,https://www.espn.com/nba/game/_/gameId/401704856/rockets-76ers,7,,14,
2024-11-24T23:00:00+00:00,2025,REG,Philadelphia 76ers,LA Clippers,HOME,99,125,27,39,23,23,22,35,27,28,0,OPP,True,https://www.espn.com/nba/game/_/gameId/401704840/clippers-76ers,,,,
2024-11-23T00:00:00+00:00,2025,REG,Philadelphia 76ers,Brooklyn Nets,HOME,113,98,29,24,24,26,26,27,34,21,0,TEAM,True,https://www.espn.com/nba/game/_/gameId/401703396/nets-76ers,,,,
2024-11-21T01:00:00+00:00,2025,REG,Philadelphia 76ers,Memphis Grizzlies,AWAY,111,117,31,31,22,32,28,27,30,27,0,OPP,True,https://www.espn.com/nba/game/_/gameId/401704821/76ers-grizzlies,,,,
2024-11-19T00:30:00+00:00,2025,REG,Philadelphia 76ers,Miami Heat,AWAY,89,106,33,25,23,28,16,35,17,18,0,OPP,True,https://www.espn.com/nba/game/_/gameId/401704811/76ers-heat,,,,
2024-11-16T00:00:00+00:00,2025,REG,Philadelphia 76ers,Orlando Magic,AWAY,86,98,21,24,24,19,27,30,14,25,0,OPP,True,https://www.espn.com/nba/game/_/gameId/401703379/76ers-magic,,,,
2024-11-14T00:30:00+00:00,2025,REG,Philadelphia 76ers,Cleveland Cavaliers,HOME,106,114,27,31,27,17,24,34,28,32,0,OPP,True,https://www.espn.com/nba/game/_/gameId/401704786/cavaliers-76ers,,,,
2024-11-13T00:30:00+00:00,2025,REG,Philadelphia 76ers,New York Knicks,HOME,99,111,25,27,25,27,25,24,24,33,0,OPP,True,https://www.espn.com/nba/game/_/gameId/401703373/knicks-76ers,,,,
2024-11-11T00:00:00+00:00,2025,REG,Philadelphia 76ers,Charlotte Hornets,HOME,107,105,16,15,30,30,30,21,21,31,1,TEAM,True,https://www.espn.com/nba/game/_/gameId/401704771/hornets-76ers,10,,8,
2024-11-09T03:00:00+00:00,2025,REG,Philadelphia 76ers,Los Angeles Lakers,AWAY,106,116,29,36,31,32,21,28,25,20,0,OPP,True,https://www.espn.com/nba/game/_/gameId/401704761/76ers-lakers,,,,
2024-11-07T03:00:00+00:00,2025,REG,Philadelphia 76ers,LA Clippers,AWAY,98,110,27,24,24,27,17,33,30,26,0,OPP,True,https://www.espn.com/nba/game/_/gameId/401704745/76ers-clippers,,,,
2024-11-05T03:15:00+00:00,2025,REG,Philadelphia 76ers,Phoenix Suns,AWAY,116,118,26,28,37,37,30,29,23,24,0,OPP,True,https://www.espn.com/nba/game/_/gameId/401704733/76ers-suns,,,,
2024-11-02T23:30:00+00:00,2025,REG,Philadelphia 76ers,Memphis Grizzlies,HOME,107,124,28,24,24,35,23,33,32,32,0,OPP,True,https://www.espn.com/nba/game/_/gameId/401704708/grizzlies-76ers,,,,
2024-10-30T23:00:00+00:00,2025,REG,Philadelphia 76ers,Detroit Pistons,HOME,95,105,26,22,19,32,22,31,28,20,0,OPP,True,https://www.espn.com/nba/game/_/gameId/401704686/pistons-76ers,,,,
2024-10-27T19:30:00+00:00,2025,REG,Philadelphia 76ers,Indiana Pacers,AWAY,118,114,28,23,24,35,27,20,26,27,1,TEAM,True,https://www.espn.com/nba/game/_/gameId/401704663/76ers-pacers,13,,9,
2024-10-25T23:00:00+00:00,2025,REG,Philadelphia 76ers,Toronto Raptors,AWAY,107,115,31,30,25,32,21,21,30,32,0,OPP,True,https://www.espn.com/nba/game/_/gameId/401704644/76ers-raptors,,,,
2024-10-23T23:30:00+00:00,2025,REG,Philadelphia 76ers,Milwaukee Bucks,HOME,109,124,23,22,24,36,34,42,28,24,0,OPP,True,https://www.espn.com/nba/game/_/gameId/401704632/bucks-76ers,,,,
2024-05-03T01:00:00+00:00,2024,POST,Philadelphia 76ers,New York Knicks,HOME,115,118,22,36,32,15,29,32,32,35,0,OPP,True,https://www.espn.com/nba/game/_/gameId/401655110/knicks-76ers,,,,
2024-04-30T23:00:00+00:00,2024,POST,Philadelphia 76ers,New York Knicks,AWAY,112,106,26,17,17,32,26,21,28,27,1,TEAM,True,https://www.espn.com/nba/game/_/gameId/401655109/76ers-knicks,15,,9,
2024-04-28T17:00:00+00:00,2024,POST,Philadelphia 76ers,New York Knicks,HOME,92,97,27,17,22,30,27,30,16,20,0,OPP,True,https://www.espn.com/nba/game/_/gameId/401655108/knicks-76ers,,,,
2024-04-25T23:30:00+00:00,2024,POST,Philadelphia 76ers,New York Knicks,HOME,125,114,27,29,28,29,43,27,27,29,0,TEAM,True,https://www.espn.com/nba/game/_/gameId/401655107/knicks-76ers,,,,
2024-04-22T23:30:00+00:00,2024,POST,Philadelphia 76ers,New York Knicks,AWAY,101,104,25,18,28,31,21,30,27,25,0,OPP,True,https://www.espn.com/nba/game/_/gameId/401655106/76ers-knicks,,,,
2024-04-20T22:00:00+00:00,2024,POST,Philadelphia 76ers,New York Knicks,AWAY,104,111,34,25,12,33,36,21,22,32,0,OPP,True,https://www.espn.com/nba/game/_/gameId/401654756/76ers-knicks,,,,
2024-04-14T17:00:00+00:00,2024,REG,Philadelphia 76ers,Brooklyn Nets,HOME,107,86,22,23,33,21,26,20,26,22,0,TEAM,True,https://www.espn.com/nba/game/_/gameId/401585820/nets-76ers,,,,
2024-04-12T23:00:00+00:00,2024,REG,Philadelphia 76ers,Orlando Magic,HOME,125,113,40,27,28,34,28,22,29,30,0,TEAM,True,https://www.espn.com/nba/game/_/gameId/401585799/magic-76ers,,,,
2024-04-09T23:00:00+00:00,2024,REG,Philadelphia 76ers,Detroit Pistons,HOME,120,102,30,22,34,30,26,26,30,24,0,TEAM,True,https://www.espn.com/nba/game/_/gameId/401585773/pistons-76ers,,,,
2024-04-07T23:00:00+00:00,2024,REG,Philadelphia 76ers,San Antonio Spurs,AWAY,133,126,31,24,23,40,19,16,38,31,2,TEAM,True,https://www.espn.com/nba/game/_/gameId/401585768/76ers-spurs,10,12,10,5
2024-04-07T00:00:00+00:00,2024,REG,Philadelphia 76ers,Memphis Grizzlies,AWAY,116,96,28,23,34,19,24,28,30,26,0,TEAM,True,https://www.espn.com/nba/game/_/gameId/401585757/76ers-grizzlies,,,,
2024-04-04T23:30:00+00:00,2024,REG,Philadelphia 76ers,Miami Heat,AWAY,109,105,39,29,24,26,24,33,22,17,0,TEAM,True,https://www.espn.com/nba/game/_/gameId/401585739/76ers-heat,,,,
2024-04-02T23:30:00+00:00,2024,REG,Philadelphia 76ers,Oklahoma City Thunder,HOME,109,105,25,22,19,32,29,26,36,25,0,TEAM,True,https://www.espn.com/nba/game/_/gameId/401585721/thunder-76ers,,,,
2024-03-31T22:00:00+00:00,2024,REG,Philadelphia 76ers,Toronto Raptors,AWAY,135,120,35,27,36,28,30,38,34,27,0,TEAM,True,https://www.espn.com/nba/game/_/gameId/401585708/76ers-raptors,,,,
2024-03-29T23:30:00+00:00,2024,REG,Philadelphia 76ers,Cleveland Cavaliers,AWAY,114,117,25,28,30,29,32,28,27,32,0,OPP,True,https://www.espn.com/nba/game/_/gameId/401585695/76ers-cavaliers,,,,
2024-03-27T23:30:00+00:00,2024,REG,Philadelphia 76ers,LA Clippers,HOME,107,108,30,18,20,28,29,29,28,33,0,OPP,True,https://www.espn.com/nba/game/_/gameId/401585680/clippers-76ers,,,,
2024-03-26T02:00:00+00:00,2024,REG,Philadelphia 76ers,Sacramento Kings,AWAY,96,108,25,31,23,29,20,23,28,25,0,OPP,True,https://www.espn.com/nba/game/_/gameId/401585670/76ers-kings,,,,
2024-03-24T19:30:00+00:00,2024,REG,Philadelphia 76ers,LA Clippers,AWAY,121,107,41,29,22,27,25,27,33,24,0,TEAM,True,https://www.espn.com/nba/game/_/gameId/401585656/76ers-clippers,,,,
2024-03-23T02:30:00+00:00,2024,REG,Philadelphia 76ers,Los Angeles Lakers,AWAY,94,101,23,24,29,26,24,25,18,26,0,OPP,True,https://www.espn.com/nba/game/_/gameId/401585646/76ers-lakers,,,,
2024-03-21T02:00:00+00:00,2024,REG,Philadelphia 76ers,Phoenix Suns,AWAY,102,115,23,21,24,39,19,30,36,25,0,OPP,True,https://www.espn.com/nba/game/_/gameId/401585630/76ers-suns,,,,
2024-03-18T23:30:00+00:00,2024,REG,Philadelphia 76ers,Miami Heat,HOME,98,91,31,23,20,26,28,16,19,26,0,TEAM,True,https://www.espn.com/nba/game/_/gameId/401585613/heat-76ers,,,,
2024-03-16T23:00:00+00:00,2024,REG,Philadelphia 76ers,Charlotte Hornets,HOME,109,98,27,24,26,23,26,24,30,27,0,TEAM,True,https://www.espn.com/nba/game/_/gameId/401585597/hornets-76ers,,,,
2024-03-15T00:00:00+00:00,2024,REG,Philadelphia 76ers,Milwaukee Bucks,AWAY,105,114,29,24,32,29,22,27,22,34,0,OPP,True,https://www.espn.com/nba/game/_/gameId/401585586/76ers-bucks,,,,
2024-03-12T23:30:00+00:00,2024,REG,Philadelphia 76ers,New York Knicks,AWAY,79,106,14,26,27,33,20,28,18,19,0,OPP,True,https://www.espn.com/nba/game/_/gameId/401585567/76ers-knicks,,,,
2024-03-10T23:00:00+00:00,2024,REG,Philadelphia 76ers,New York Knicks,AWAY,79,73,15,15,22,16,26,25,16,17,0,TEAM,True,https://www.espn.com/nba/game/_/gameId/401585555/76ers-knicks,,,,
2024-03-09T00:00:00+00:00,2024,REG,Philadelphia 76ers,New Orleans Pelicans,HOME,95,103,15,36,19,27,27,21,34,19,0,OPP,True,https://www.espn.com/nba/game/_/gameId/401585537/pelicans-76ers,,,,
2024-03-07T00:30:00+00:00,2024,REG,Philadelphia 76ers,Memphis Grizzlies,HOME,109,115,31,37,33,19,29,25,16,34,0,OPP,True,https://www.espn.com/nba/game/_/gameId/401585524/grizzlies-76ers,,,,
2024-03-06T00:30:00+00:00,2024,REG,Philadelphia 76ers,Brooklyn Nets,AWAY,107,112,30,23,27,33,26,24,24,32,0,OPP,True,https://www.espn.com/nba/game/_/gameId/401585515/76ers-nets,,,,
2024-03-03T18:00:00+00:00,2024,REG,Philadelphia 76ers,Dallas Mavericks,AWAY,120,116,32,22,24,29,34,25,30,40,0,TEAM,True,https://www.espn.com/nba/game/_/gameId/401585499/76ers-mavericks,,,,
2024-03-02T00:00:00+00:00,2024,REG,Philadelphia 76ers,Charlotte Hornets,HOME,121,114,32,27,26,36,30,21,33,30,0,TEAM,True,https://www.espn.com/nba/game/_/gameId/401585486/hornets-76ers,,,,
2024-02-28T00:30:00+00:00,2024,REG,Philadelphia 76ers,Boston Celtics,AWAY,99,117,30,30,21,23,24,33,24,31,0,OPP,True,https://www.espn.com/nba/game/_/gameId/401585464/76ers-celtics,,,,
2024-02-25T18:00:00+00:00,2024,REG,Philadelphia 76ers,Milwaukee Bucks,HOME,98,119,21,35,27,34,34,26,16,24,0,OPP,True,https://www.espn.com/nba/game/_/gameId/401585445/bucks-76ers,,,,
2024-02-24T00:30:00+00:00,2024,REG,Philadelphia 76ers,Cleveland Cavaliers,HOME,104,97,25,25,28,25,21,20,30,27,0,TEAM,True,https://www.espn.com/nba/game/_/gameId/401585433/cavaliers-76ers,,,,
2024-02-23T00:00:00+00:00,2024,REG,Philadelphia 76ers,New York Knicks,HOME,96,110,21,32,25,37,35,22,15,19,0,OPP,True,https://www.espn.com/nba/game/_/gameId/401585422/knicks-76ers,,,,
2024-02-15T00:00:00+00:00,2024,REG,Philadelphia 76ers,Miami Heat,HOME,104,109,33,33,29,27,20,23,22,26,0,OPP,True,https://www.espn.com/nba/game/_/gameId/401585407/heat-76ers,,,,
2024-02-13T00:00:00+00:00,2024,REG,Philadelphia 76ers,Cleveland Cavaliers,AWAY,123,121,34,33,32,29,25,30,32,29,0,TEAM,True,https://www.espn.com/nba/game/_/gameId/401585390/76ers-cavaliers,,,,
2024-02-11T00:00:00+00:00,2024,REG,Philadelphia 76ers,Washington Wizards,AWAY,119,113,33,26,26,30,31,24,29,33,0,TEAM,True,https://www.espn.com/nba/game/_/gameId/401585381/76ers-wizards,,,,
2024-02-10T00:00:00+00:00,2024,REG,Philadelphia 76ers,Atlanta Hawks,HOME,121,127,26,37,30,36,30,30,35,24,0,OPP,True,https://www.espn.com/nba/game/_/gameId/401585370/hawks-76ers,,,,
2024-02-08T00:30:00+00:00,2024,REG,Philadelphia 76ers,Golden State Warriors,HOME,104,127,22,15,23,33,23,43,36,36,0,OPP,True,https://www.espn.com/nba/game/_/gameId/401585355/warriors-76ers,,,,
2024-02-06T00:00:00+00:00,2024,REG,Philadelphia 76ers,Dallas Mavericks,HOME,102,118,33,26,24,27,17,24,28,41,0,OPP,True,https://www.espn.com/nba/game/_/gameId/401585343/mavericks-76ers,,,,
2024-02-03T23:00:00+00:00,2024,REG,Philadelphia 76ers,Brooklyn Nets,HOME,121,136,22,38,29,29,31,38,39,31,0,OPP,True,https://www.espn.com/nba/game/_/gameId/401585326/nets-76ers,,,,
2024-02-02T03:00:00+00:00,2024,REG,Philadelphia 76ers,Utah Jazz,AWAY,127,124,39,32,32,29,22,32,34,31,0,TEAM,True,https://www.espn.com/nba/game/_/gameId/401585314/76ers-jazz,,,,
2024-01-31T03:00:00+00:00,2024,REG,Philadelphia 76ers,Golden State Warriors,AWAY,107,119,28,23,22,29,27,34,30,33,0,OPP,True,https://www.espn.com/nba/game/_/gameId/401585301/76ers-warriors,,,,
2024-01-30T03:00:00+00:00,2024,REG,Philadelphia 76ers,Portland Trail Blazers,AWAY,104,130,28,20,27,38,22,36,27,36,0,OPP,True,https://www.espn.com/nba/game/_/gameId/401585296/76ers-trail-blazers,,,,
2024-01-27T22:30:00+00:00,2024,REG,Philadelphia 76ers,Denver Nuggets,AWAY,105,111,27,31,35,33,26,22,17,25,0,OPP,True,https://www.espn.com/nba/game/_/gameId/401585272/76ers-nuggets,,,,
2024-01-26T00:00:00+00:00,2024,REG,Philadelphia 76ers,Indiana Pacers,AWAY,122,134,25,34,36,39,28,37,33,24,0,OPP,True,https://www.espn.com/nba/game/_/gameId/401585255/76ers-pacers,,,,
2024-01-23T00:00:00+00:00,2024,REG,Philadelphia 76ers,San Antonio Spurs,HOME,133,123,34,35,28,23,42,31,29,34,0,TEAM,True,https://www.espn.com/nba/game/_/gameId/401585236/spurs-76ers,,,,
2024-01-21T00:00:00+00:00,2024,REG,Philadelphia 76ers,Charlotte Hornets,AWAY,97,89,24,24,22,21,23,28,28,16,0,TEAM,True,https://www.espn.com/nba/game/_/gameId/401585221/76ers-hornets,,,,
2024-01-20T00:00:00+00:00,2024,REG,Philadelphia 76ers,Orlando Magic,AWAY,124,109,32,34,36,26,21,16,35,33,0,TEAM,True,https://www.espn.com/nba/game/_/gameId/401585213/76ers-magic,,,,
2024-01-17T00:30:00+00:00,2024,REG,Philadelphia 76ers,Denver Nuggets,HOME,126,121,36,38,42,40,21,26,27,17,0,TEAM,True,https://www.espn.com/nba/game/_/gameId/401585194/nuggets-76ers,,,,
2024-01-15T18:00:00+00:00,2024,REG,Philadelphia 76ers,Houston Rockets,HOME,124,115,33,19,33,28,32,30,26,38,0,TEAM,True,https://www.espn.com/nba/game/_/gameId/401585183/rockets-76ers,,,,
2024-01-13T00:30:00+00:00,2024,REG,Philadelphia 76ers,Sacramento Kings,HOME,112,93,29,21,36,25,22,27,25,20,0,TEAM,True,https://www.espn.com/nba/game/_/gameId/401585160/kings-76ers,,,,
2024-01-11T00:30:00+00:00,2024,REG,Philadelphia 76ers,Atlanta Hawks,AWAY,132,139,31,34,33,27,34,34,27,30,1,OPP,True,https://www.espn.com/nba/game/_/gameId/401585149/76ers-hawks,7,,14,
2024-01-07T00:30:00+00:00,2024,REG,Philadelphia 76ers,Utah Jazz,HOME,109,120,28,32,29,26,22,29,30,33,0,OPP,True,https://www.espn.com/nba/game/_/gameId/401585123/jazz-76ers,,,,
2024-01-06T00:30:00+00:00,2024,REG,Philadelphia 76ers,New York Knicks,HOME,92,128,30,34,25,41,21,18,16,35,0,OPP,True,https://www.espn.com/nba/game/_/gameId/401585111/knicks-76ers,,,,
2024-01-03T00:00:00+00:00,2024,REG,Philadelphia 76ers,Chicago Bulls,HOME,110,97,43,18,30,24,25,30,12,25,0,TEAM,True,https://www.espn.com/nba/game/_/gameId/401585087/bulls-76ers,,,,
2023-12-31T01:00:00+00:00,2024,REG,Philadelphia 76ers,Chicago Bulls,AWAY,92,105,17,21,31,35,23,24,21,25,0,OPP,True,https://www.espn.com/nba/game/_/gameId/401585070/76ers-bulls,,,,
2023-12-30T01:00:00+00:00,2024,REG,Philadelphia 76ers,Houston Rockets,AWAY,131,127,26,32,36,31,28,34,41,30,0,TEAM,True,https://www.espn.com/nba/game/_/gameId/401585062/76ers-rockets,,,,
2023-12-28T00:00:00+00:00,2024,REG,Philadelphia 76ers,Orlando Magic,AWAY,112,92,26,25,26,21,32,29,28,17,0,TEAM,True,https://www.espn.com/nba/game/_/gameId/401585043/76ers-magic,,,,
2023-12-26T01:00:00+00:00,2024,REG,Philadelphia 76ers,Miami Heat,AWAY,113,119,22,26,27,37,37,23,27,33,0,OPP,True,https://www.espn.com/nba/game/_/gameId/401585032/76ers-heat,,,,
2023-12-23T00:00:00+00:00,2024,REG,Philadelphia 76ers,Toronto Raptors,HOME,121,111,28,37,33,21,32,31,28,22,0,TEAM,True,https://www.espn.com/nba/game/_/gameId/401585010/raptors-76ers,,,,
2023-12-21T00:00:00+00:00,2024,REG,Philadelphia 76ers,Minnesota Timberwolves,HOME,127,113,28,24,36,36,26,27,37,26,0,TEAM,True,https://www.espn.com/nba/game/_/gameId/401584995/timberwolves-76ers,,,,
2023-12-19T00:00:00+00:00,2024,REG,Philadelphia 76ers,Chicago Bulls,HOME,104,108,24,25,20,30,25,26,35,27,0,OPP,True,https://www.espn.com/nba/game/_/gameId/401584979/bulls-76ers,,,,
2023-12-17T00:00:00+00:00,2024,REG,Philadelphia 76ers,Charlotte Hornets,AWAY,135,82,33,17,40,27,27,15,35,23,0,TEAM,True,https://www.espn.com/nba/game/_/gameId/401584963/76ers-hornets,,,,
2023-12-16T00:00:00+00:00,2024,REG,Philadelphia 76ers,Detroit Pistons,HOME,124,92,26,22,35,17,33,23,30,30,0,TEAM,True,https://www.espn.com/nba/game/_/gameId/401584955/pistons-76ers,,,,
2023-12-14T00:00:00+00:00,2024,REG,Philadelphia 76ers,Detroit Pistons,AWAY,129,111,39,26,31,30,34,24,25,31,0,TEAM,True,https://www.espn.com/nba/game/_/gameId/401584938/76ers-pistons,,,,
2023-12-12T00:00:00+00:00,2024,REG,Philadelphia 76ers,Washington Wizards,HOME,146,101,43,27,32,19,37,21,34,34,0,TEAM,True,https://www.espn.com/nba/game/_/gameId/401584923/wizards-76ers,,,,
2023-12-09T00:00:00+00:00,2024,REG,Philadelphia 76ers,Atlanta Hawks,HOME,125,114,35,23,27,45,31,24,32,22,0,TEAM,True,https://www.espn.com/nba/game/_/gameId/401616472/hawks-76ers,,,,
2023-12-07T00:00:00+00:00,2024,REG,Philadelphia 76ers,Washington Wizards,AWAY,131,126,25,29,35,33,39,33,32,31,0,TEAM,True,https://www.espn.com/nba/game/_/gameId/401616462/76ers-wizards,,,,
2023-12-02T00:30:00+00:00,2024,REG,Philadelphia 76ers,Boston Celtics,AWAY,119,125,36,44,36,25,25,26,22,30,0,OPP,True,https://www.espn.com/nba/game/_/gameId/401584903/76ers-celtics,,,,
2023-11-30T01:00:00+00:00,2024,REG,Philadelphia 76ers,New Orleans Pelicans,AWAY,114,124,24,39,24,29,33,34,33,22,0,OPP,True,https://www.espn.com/nba/game/_/gameId/401584890/76ers-pelicans,,,,
2023-11-28T00:00:00+00:00,2024,REG,Philadelphia 76ers,Los Angeles Lakers,HOME,138,94,32,19,36,34,30,27,40,14,0,TEAM,True,https://www.espn.com/nba/game/_/gameId/401584883/lakers-76ers,,,,
2023-11-25T22:00:00+00:00,2024,REG,Philadelphia 76ers,Oklahoma City Thunder,AWAY,127,123,29,31,36,30,28,21,34,41,0,TEAM,True,https://www.espn.com/nba/game/_/gameId/401584867/76ers-thunder,,,,
2023-11-23T01:00:00+00:00,2024,REG,Philadelphia 76ers,Minnesota Timberwolves,AWAY,99,112,20,37,29,20,30,34,20,21,0,OPP,True,https://www.espn.com/nba/game/_/gameId/401584860/76ers-timberwolves,,,,
2023-11-22T00:30:00+00:00,2024,REG,Philadelphia 76ers,Cleveland Cavaliers,HOME,119,122,24,27,29,38,26,23,31,22,1,OPP,True,https://www.espn.com/nba/game/_/gameId/401584128/cavaliers-76ers,9,,12,
2023-11-19T20:00:00+00:00,2024,REG,Philadelphia 76ers,Brooklyn Nets,AWAY,121,99,23,22,38,27,33,22,27,28,0,TEAM,True,https://www.espn.com/nba/game/_/gameId/401584836/76ers-nets,,,,
2023-11-18T00:30:00+00:00,2024,REG,Philadelphia 76ers,Atlanta Hawks,AWAY,126,116,30,24,27,32,37,31,32,29,0,TEAM,True,https://www.espn.com/nba/game/_/gameId/401584117/76ers-hawks,,,,
2023-11-16T00:30:00+00:00,2024,REG,Philadelphia 76ers,Boston Celtics,HOME,107,117,22,37,36,20,17,26,32,34,0,OPP,True,https://www.espn.com/nba/game/_/gameId/401584822/celtics-76ers,,,,
2023-11-15T00:00:00+00:00,2024,REG,Philadelphia 76ers,Indiana Pacers,HOME,126,132,30,36,24,27,40,32,32,37,0,OPP,True,https://www.espn.com/nba/game/_/gameId/401584107/pacers-76ers,,,,
2023-11-12T23:00:00+00:00,2024,REG,Philadelphia 76ers,Indiana Pacers,HOME,137,126,38,27,31,33,31,39,37,27,0,TEAM,True,https://www.espn.com/nba/game/_/gameId/401584808/pacers-76ers,,,,
2023-11-11T00:00:00+00:00,2024,REG,Philadelphia 76ers,Detroit Pistons,AWAY,114,106,21,33,27,23,35,21,31,29,0,TEAM,True,https://www.espn.com/nba/game/_/gameId/401584096/76ers-pistons,,,,
2023-11-09T00:00:00+00:00,2024,REG,Philadelphia 76ers,Boston Celtics,HOME,106,103,22,27,39,27,20,17,25,32,0,TEAM,True,https://www.espn.com/nba/game/_/gameId/401584787/celtics-76ers,,,,
2023-11-07T00:00:00+00:00,2024,REG,Philadelphia 76ers,Washington Wizards,HOME,146,128,33,24,42,34,45,40,26,30,0,TEAM,True,https://www.espn.com/nba/game/_/gameId/401584776/wizards-76ers,,,,
2023-11-04T17:00:00+00:00,2024,REG,Philadelphia 76ers,Phoenix Suns,HOME,112,100,25,24,27,21,28,30,32,25,0,TEAM,True,https://www.espn.com/nba/game/_/gameId/401584760/suns-76ers,,,,
2023-11-02T23:00:00+00:00,2024,REG,Philadelphia 76ers,Toronto Raptors,HOME,114,99,30,26,28,23,32,28,24,22,0,TEAM,True,https://www.espn.com/nba/game/_/gameId/401584756/raptors-76ers,,,,
2023-10-29T23:30:00+00:00,2024,REG,Philadelphia 76ers,Portland Trail Blazers,HOME,126,98,36,28,30,32,33,21,27,17,0,TEAM,True,https://www.espn.com/nba/game/_/gameId/401584726/trail-blazers-76ers,,,,
2023-10-28T23:30:00+00:00,2024,REG,Philadelphia 76ers,Toronto Raptors,AWAY,114,107,27,36,29,23,35,20,23,28,0,TEAM,True,https://www.espn.com/nba/game/_/gameId/401584720/76ers-raptors,,,,
2023-10-26T23:30:00+00:00,2024,REG,Philadelphia 76ers,Milwaukee Bucks,AWAY,117,118,23,30,31,33,31,25,32,30,0,OPP,True,https://www.espn.com/nba/game/_/gameId/401584703/76ers-bucks,,,,
2023-05-14T19:30:00+00:00,2023,POST,Philadelphia 76ers,Boston Celtics,AWAY,88,112,29,23,23,32,10,33,26,24,0,OPP,True,https://www.espn.com/nba/game/_/gameId/401545117/76ers-celtics,,,,
2023-05-11T23:30:00+00:00,2023,POST,Philadelphia 76ers,Boston Celtics,HOME,86,95,22,29,21,21,30,21,13,24,0,OPP,True,https://www.espn.com/nba/game/_/gameId/401545116/celtics-76ers,,,,
2023-05-09T23:30:00+00:00,2023,POST,Philadelphia 76ers,Boston Celtics,AWAY,115,103,33,26,25,23,30,23,27,31,0,TEAM,True,https://www.espn.com/nba/game/_/gameId/401545115/76ers-celtics,,,,
2023-05-07T19:30:00+00:00,2023,POST,Philadelphia 76ers,Boston Celtics,HOME,116,115,27,19,32,31,33,33,15,24,1,TEAM,True,https://www.espn.com/nba/game/_/gameId/401545114/celtics-76ers,9,,8,
2023-05-05T23:30:00+00:00,2023,POST,Philadelphia 76ers,Boston Celtics,HOME,102,114,29,28,21,29,27,31,25,26,0,OPP,True,https://www.espn.com/nba/game/_/gameId/401545113/celtics-76ers,,,,
2023-05-04T00:00:00+00:00,2023,POST,Philadelphia 76ers,Boston Celtics,AWAY,87,121,22,28,27,29,16,35,22,29,0,OPP,True,https://www.espn.com/nba/game/_/gameId/401545112/76ers-celtics,,,,
2023-05-01T23:30:00+00:00,2023,POST,Philadelphia 76ers,Boston Celtics,AWAY,119,115,31,38,32,28,24,21,32,28,0,TEAM,True,https://www.espn.com/nba/game/_/gameId/401545111/76ers-celtics,,,,
2023-04-22T17:00:00+00:00,2023,POST,Philadelphia 76ers,Brooklyn Nets,AWAY,96,88,22,29,18,19,26,15,30,25,0,TEAM,True,https://www.espn.com/nba/game/_/gameId/401541189/76ers-nets,,,,
2023-04-20T23:30:00+00:00,2023,POST,Philadelphia 76ers,Brooklyn Nets,AWAY,102,97,32,28,26,19,18,35,26,15,0,TEAM,True,https://www.espn.com/nba/game/_/gameId/401541181/76ers-nets,,,,
2023-04-17T23:30:00+00:00,2023,POST,Philadelphia 76ers,Brooklyn Nets,HOME,96,84,25,25,19,24,24,14,28,21,0,TEAM,True,https://www.espn.com/nba/game/_/gameId/401541173/nets-76ers,,,,
2023-04-15T17:00:00+00:00,2023,POST,Philadelphia 76ers,Brooklyn Nets,HOME,121,101,30,25,37,33,26,23,28,20,0,TEAM,True,https://www.espn.com/nba/game/_/gameId/401540750/nets-76ers,,,,
2023-04-09T17:00:00+00:00,2023,REG,Philadelphia 76ers,Brooklyn Nets,AWAY,134,105,36,21,25,32,39,39,34,13,0,TEAM,True,https://www.espn.com/nba/game/_/gameId/401469372/76ers-nets,,,,
2023-04-07T23:30:00+00:00,2023,REG,Philadelphia 76ers,Atlanta Hawks,AWAY,136,131,32,31,21,32,33,27,33,29,1,TEAM,True,https://www.espn.com/nba/game/_/gameId/401469360/76ers-hawks,17,,12,
2023-04-06T23:30:00+00:00,2023,REG,Philadelphia 76ers,Miami Heat,HOME,101,129,31,41,15,26,32,29,23,33,0,OPP,True,https://www.espn.com/nba/game/_/gameId/401469353/heat-76ers,,,,
2023-04-05T00:00:00+00:00,2023,REG,Philadelphia 76ers,Boston Celtics,HOME,103,101,28,22,25,24,19,21,31,34,0,TEAM,True,https://www.espn.com/nba/game/_/gameId/401469336/celtics-76ers,,,,
2023-04-03T00:00:00+00:00,2023,REG,Philadelphia 76ers,Milwaukee Bucks,AWAY,104,117,26,41,27,28,29,27,22,21,0,OPP,True,https://www.espn.com/nba/game/_/gameId/401469329/76ers-bucks,,,,
2023-03-31T23:00:00+00:00,2023,REG,Philadelphia 76ers,Toronto Raptors,HOME,117,110,31,30,46,27,22,29,18,24,0,TEAM,True,https://www.espn.com/nba/game/_/gameId/401469305/raptors-76ers,,,,
2023-03-29T23:30:00+00:00,2023,REG,Philadelphia 76ers,Dallas Mavericks,HOME,116,108,28,37,29,25,32,29,27,17,0,TEAM,True,https://www.espn.com/nba/game/_/gameId/401469294/mavericks-76ers,,,,
2023-03-28T01:30:00+00:00,2023,REG,Philadelphia 76ers,Denver Nuggets,AWAY,111,116,18,25,39,36,20,30,34,25,0,OPP,True,https://www.espn.com/nba/game/_/gameId/401469281/76ers-nuggets,,,,
2023-03-26T02:00:00+00:00,2023,REG,Philadelphia 76ers,Phoenix Suns,AWAY,105,125,24,26,29,32,30,31,22,36,0,OPP,True,https://www.espn.com/nba/game/_/gameId/401469265/76ers-suns,,,,
2023-03-25T02:00:00+00:00,2023,REG,Philadelphia 76ers,Golden State Warriors,AWAY,112,120,27,23,26,32,35,24,24,41,0,OPP,True,https://www.espn.com/nba/game/_/gameId/401469258/76ers-warriors,,,,
2023-03-23T00:00:00+00:00,2023,REG,Philadelphia 76ers,Chicago Bulls,AWAY,116,91,36,23,40,25,20,28,20,15,0,TEAM,True,https://www.espn.com/nba/game/_/gameId/401469242/76ers-bulls,,,,
2023-03-20T23:00:00+00:00,2023,REG,Philadelphia 76ers,Chicago Bulls,HOME,105,109,22,17,18,27,28,25,23,22,2,OPP,True,https://www.espn.com/nba/game/_/gameId/401469227/bulls-76ers,8,6,8,10
2023-03-18T23:00:00+00:00,2023,REG,Philadelphia 76ers,Indiana Pacers,AWAY,141,121,34,24,38,37,34,34,35,26,0,TEAM,True,https://www.espn.com/nba/game/_/gameId/401469212/76ers-pacers,,,,
2023-03-17T23:00:00+00:00,2023,REG,Philadelphia 76ers,Charlotte Hornets,AWAY,121,82,31,29,35,25,26,13,29,15,0,TEAM,True,https://www.espn.com/nba/game/_/gameId/401469202/76ers-hornets,,,,
2023-03-15T23:30:00+00:00,2023,REG,Philadelphia 76ers,Cleveland Cavaliers,AWAY,118,109,29,24,26,36,29,23,34,26,0,TEAM,True,https://www.espn.com/nba/game/_/gameId/401469190/76ers-cavaliers,,,,
2023-03-12T22:00:00+00:00,2023,REG,Philadelphia 76ers,Washington Wizards,HOME,112,93,27,19,28,31,26,19,31,24,0,TEAM,True,https://www.espn.com/nba/game/_/gameId/401469171/wizards-76ers,,,,
2023-03-11T00:00:00+00:00,2023,REG,Philadelphia 76ers,Portland Trail Blazers,HOME,120,119,29,37,27,34,29,25,35,23,0,TEAM,True,https://www.espn.com/nba/game/_/gameId/401469153/trail-blazers-76ers,,,,
2023-03-08T00:30:00+00:00,2023,REG,Philadelphia 76ers,Minnesota Timberwolves,AWAY,117,94,24,27,34,18,29,23,30,26,0,TEAM,True,https://www.espn.com/nba/game/_/gameId/401469135/76ers-timberwolves,,,,
2023-03-07T00:00:00+00:00,2023,REG,Philadelphia 76ers,Indiana Pacers,AWAY,147,143,38,39,40,40,36,35,33,29,0,TEAM,True,https://www.espn.com/nba/game/_/gameId/401469127/76ers-pacers,,,,
2023-03-05T01:30:00+00:00,2023,REG,Philadelphia 76ers,Milwaukee Bucks,AWAY,133,130,29,29,24,30,32,40,48,31,0,TEAM,True,https://www.espn.com/nba/game/_/gameId/401469115/76ers-bucks,,,,
2023-03-03T00:30:00+00:00,2023,REG,Philadelphia 76ers,Dallas Mavericks,AWAY,126,133,37,38,30,33,24,39,35,23,0,OPP,True,https://www.espn.com/nba/game/_/gameId/401469098/76ers-mavericks,,,,
2023-03-02T00:30:00+00:00,2023,REG,Philadelphia 76ers,Miami Heat,AWAY,119,96,34,38,37,15,25,24,23,19,0,TEAM,True,https://www.espn.com/nba/game/_/gameId/401469091/76ers-heat,,,,
2023-02-28T00:00:00+00:00,2023,REG,Philadelphia 76ers,Miami Heat,HOME,99,101,22,28,28,30,30,26,19,17,0,OPP,True,https://www.espn.com/nba/game/_/gameId/401469075/heat-76ers,,,,
2023-02-26T01:30:00+00:00,2023,REG,Philadelphia 76ers,Boston Celtics,HOME,107,110,30,28,26,22,22,30,29,30,0,OPP,True,https://www.espn.com/nba/game/_/gameId/401469063/celtics-76ers,,,,
2023-02-24T00:30:00+00:00,2023,REG,Philadelphia 76ers,Memphis Grizzlies,HOME,110,105,22,37,25,22,28,22,35,24,0,TEAM,True,https://www.espn.com/nba/game/_/gameId/401469044/grizzlies-76ers,,,,
2023-02-16T00:30:00+00:00,2023,REG,Philadelphia 76ers,Cleveland Cavaliers,HOME,118,112,38,24,25,14,24,32,31,42,0,TEAM,True,https://www.espn.com/nba/game/_/gameId/401469030/cavaliers-76ers,,,,
2023-02-14T00:00:00+00:00,2023,REG,Philadelphia 76ers,Houston Rockets,HOME,123,104,32,29,23,19,35,30,33,26,0,TEAM,True,https://www.espn.com/nba/game/_/gameId/401469015/rockets-76ers,,,,
2023-02-11T23:00:00+00:00,2023,REG,Philadelphia 76ers,Brooklyn Nets,AWAY,101,98,26,28,26,32,24,22,25,16,0,TEAM,True,https://www.espn.com/nba/game/_/gameId/401469001/76ers-nets,,,,
2023-02-11T00:00:00+00:00,2023,REG,Philadelphia 76ers,New York Knicks,HOME,119,108,28,36,31,29,33,28,27,15,0,TEAM,True,https://www.espn.com/nba/game/_/gameId/401468992/knicks-76ers,,,,
2023-02-09T00:30:00+00:00,2023,REG,Philadelphia 76ers,Boston Celtics,AWAY,99,106,27,30,28,29,24,27,20,20,0,OPP,True,https://www.espn.com/nba/game/_/gameId/401468979/76ers-celtics,,,,
2023-02-05T23:00:00+00:00,2023,REG,Philadelphia 76ers,New York Knicks,AWAY,97,108,35,24,18,27,26,25,18,32,0,OPP,True,https://www.espn.com/nba/game/_/gameId/401468959/76ers-knicks,,,,
2023-02-04T01:00:00+00:00,2023,REG,Philadelphia 76ers,San Antonio Spurs,AWAY,137,125,26,26,47,35,33,26,31,38,0,TEAM,True,https://www.espn.com/nba/game/_/gameId/401468946/76ers-spurs,,,,
2023-02-02T00:00:00+00:00,2023,REG,Philadelphia 76ers,Orlando Magic,HOME,105,94,37,23,19,30,26,25,23,16,0,TEAM,True,https://www.espn.com/nba/game/_/gameId/401468925/magic-76ers,,,,
2023-01-31T00:00:00+00:00,2023,REG,Philadelphia 76ers,Orlando Magic,HOME,109,119,30,17,32,35,28,42,19,25,0,OPP,True,https://www.espn.com/nba/game/_/gameId/401468911/magic-76ers,,,,
2023-01-28T20:00:00+00:00,2023,REG,Philadelphia 76ers,Denver Nuggets,HOME,126,119,29,38,29,35,38,26,30,20,0,TEAM,True,https://www.espn.com/nba/game/_/gameId/401468896/nuggets-76ers,,,,
2023-01-26T00:30:00+00:00,2023,REG,Philadelphia 76ers,Brooklyn Nets,HOME,137,133,41,41,34,24,32,33,30,35,0,TEAM,True,https://www.espn.com/nba/game/_/gameId/401468876/nets-76ers,,,,
2023-01-22T03:00:00+00:00,2023,REG,Philadelphia 76ers,Sacramento Kings,AWAY,129,127,27,35,37,39,38,22,27,31,0,TEAM,True,https://www.espn.com/nba/game/_/gameId/401468853/76ers-kings,,,,
2023-01-20T03:00:00+00:00,2023,REG,Philadelphia 76ers,Portland Trail Blazers,AWAY,105,95,26,14,31,20,22,31,26,30,0,TEAM,True,https://www.espn.com/nba/game/_/gameId/401468837/76ers-trail-blazers,,,,
2023-01-18T03:00:00+00:00,2023,REG,Philadelphia 76ers,LA Clippers,AWAY,120,110,34,27,29,25,27,37,30,21,0,TEAM,True,https://www.espn.com/nba/game/_/gameId/401468823/76ers-clippers,,,,
2023-01-16T02:30:00+00:00,2023,REG,Philadelphia 76ers,Los Angeles Lakers,AWAY,113,112,33,32,24,26,29,25,27,29,0,TEAM,True,https://www.espn.com/nba/game/_/gameId/401468810/76ers-lakers,,,,
2023-01-15T02:00:00+00:00,2023,REG,Philadelphia 76ers,Utah Jazz,AWAY,118,117,41,24,25,32,22,29,30,32,0,TEAM,True,https://www.espn.com/nba/game/_/gameId/401468801/76ers-jazz,,,,
2023-01-13T00:00:00+00:00,2023,REG,Philadelphia 76ers,Oklahoma City Thunder,HOME,114,133,35,35,22,32,28,34,29,32,0,OPP,True,https://www.espn.com/nba/game/_/gameId/401468781/thunder-76ers,,,,
2023-01-11T00:00:00+00:00,2023,REG,Philadelphia 76ers,Detroit Pistons,HOME,147,116,27,20,38,23,42,32,40,41,0,TEAM,True,https://www.espn.com/nba/game/_/gameId/401468767/pistons-76ers,,,,
2023-01-08T20:00:00+00:00,2023,REG,Philadelphia 76ers,Detroit Pistons,AWAY,123,111,35,27,36,27,29,28,23,29,0,TEAM,True,https://www.espn.com/nba/game/_/gameId/401468751/76ers-pistons,,,,
2023-01-07T00:00:00+00:00,2023,REG,Philadelphia 76ers,Chicago Bulls,HOME,112,126,30,25,25,34,29,40,28,27,0,OPP,True,https://www.espn.com/nba/game/_/gameId/401468736/bulls-76ers,,,,
2023-01-05T00:00:00+00:00,2023,REG,Philadelphia 76ers,Indiana Pacers,HOME,129,126,27,28,39,33,31,23,23,36,1,TEAM,True,https://www.espn.com/nba/game/_/gameId/401468722/pacers-76ers,9,,6,
2023-01-03T00:00:00+00:00,2023,REG,Philadelphia 76ers,New Orleans Pelicans,HOME,120,111,33,25,24,27,27,29,36,30,0,TEAM,True,https://www.espn.com/nba/game/_/gameId/401468709/pelicans-76ers,,,,
2023-01-01T01:00:00+00:00,2023,REG,Philadelphia 76ers,Oklahoma City Thunder,AWAY,115,96,38,20,31,23,20,29,26,24,0,TEAM,True,https://www.espn.com/nba/game/_/gameId/401468700/76ers-thunder,,,,
2022-12-31T01:30:00+00:00,2023,REG,Philadelphia 76ers,New Orleans Pelicans,AWAY,116,127,27,31,33,36,31,32,25,28,0,OPP,True,https://www.espn.com/nba/game/_/gameId/401468689/76ers-pelicans,,,,
2022-12-28T00:00:00+00:00,2023,REG,Philadelphia 76ers,Washington Wizards,AWAY,111,116,30,32,26,35,29,27,26,22,0,OPP,True,https://www.espn.com/nba/game/_/gameId/401468661/76ers-wizards,,,,
2022-12-25T17:00:00+00:00,2023,REG,Philadelphia 76ers,New York Knicks,AWAY,119,112,25,37,35,26,35,33,24,16,0,TEAM,True,https://www.espn.com/nba/game/_/gameId/401468648/76ers-knicks,,,,
2022-12-24T00:00:00+00:00,2023,REG,Philadelphia 76ers,LA Clippers,HOME,119,114,24,33,27,30,34,22,34,29,0,TEAM,True,https://www.espn.com/nba/game/_/gameId/401468635/clippers-76ers,,,,
2022-12-22T00:00:00+00:00,2023,REG,Philadelphia 76ers,Detroit Pistons,HOME,113,93,37,29,26,22,29,27,21,15,0,TEAM,True,https://www.espn.com/nba/game/_/gameId/401468622/pistons-76ers,,,,
2022-12-20T00:00:00+00:00,2023,REG,Philadelphia 76ers,Toronto Raptors,HOME,104,101,22,23,35,23,21,32,21,21,1,TEAM,True,https://www.espn.com/nba/game/_/gameId/401468608/raptors-76ers,5,,2,
2022-12-17T00:30:00+00:00,2023,REG,Philadelphia 76ers,Golden State Warriors,HOME,118,106,33,38,22,19,33,24,30,25,0,TEAM,True,https://www.espn.com/nba/game/_/gameId/401468587/warriors-76ers,,,,
2022-12-14T00:00:00+00:00,2023,REG,Philadelphia 76ers,Sacramento Kings,HOME,123,103,39,32,41,23,21,28,22,20,0,TEAM,True,https://www.espn.com/nba/game/_/gameId/401468564/kings-76ers,,,,
2022-12-11T23:00:00+00:00,2023,REG,Philadelphia 76ers,Charlotte Hornets,HOME,131,113,20,21,41,33,35,33,35,26,0,TEAM,True,https://www.espn.com/nba/game/_/gameId/401468554/hornets-76ers,,,,
2022-12-10T00:30:00+00:00,2023,REG,Philadelphia 76ers,Los Angeles Lakers,HOME,133,122,31,20,30,39,32,24,27,37,1,TEAM,True,https://www.espn.com/nba/game/_/gameId/401468537/lakers-76ers,13,,2,
2022-12-06T01:00:00+00:00,2023,REG,Philadelphia 76ers,Houston Rockets,AWAY,123,132,30,27,25,29,29,34,24,18,2,OPP,True,https://www.espn.com/nba/game/_/gameId/401468511/76ers-rockets,9,6,9,15
2022-12-03T01:00:00+00:00,2023,REG,Philadelphia 76ers,Memphis Grizzlies,AWAY,109,117,30,29,24,35,22,28,33,25,0,OPP,True,https://www.espn.com/nba/game/_/gameId/401468487/76ers-grizzlies,,,,
2022-12-01T00:00:00+00:00,2023,REG,Philadelphia 76ers,Cleveland Cavaliers,AWAY,85,113,21,25,27,44,18,21,19,23,0,OPP,True,https://www.espn.com/nba/game/_/gameId/401468467/76ers-cavaliers,,,,
2022-11-29T00:00:00+00:00,2023,REG,Philadelphia 76ers,Atlanta Hawks,HOME,104,101,23,34,28,21,30,26,23,20,0,TEAM,True,https://www.espn.com/nba/game/_/gameId/401468454/hawks-76ers,,,,
2022-11-27T23:00:00+00:00,2023,REG,Philadelphia 76ers,Orlando Magic,AWAY,133,103,36,32,31,13,32,26,34,32,0,TEAM,True,https://www.espn.com/nba/game/_/gameId/401468452/76ers-magic,,,,
2022-11-26T00:00:00+00:00,2023,REG,Philadelphia 76ers,Orlando Magic,AWAY,107,99,24,29,28,27,30,20,25,23,0,TEAM,True,https://www.espn.com/nba/game/_/gameId/401468428/76ers-magic,,,,
2022-11-24T00:00:00+00:00,2023,REG,Philadelphia 76ers,Charlotte Hornets,AWAY,101,107,33,21,21,32,21,26,26,28,0,OPP,True,https://www.espn.com/nba/game/_/gameId/401468415/76ers-hornets,,,,
2022-11-23T00:30:00+00:00,2023,REG,Philadelphia 76ers,Brooklyn Nets,HOME,115,106,33,26,30,31,22,25,30,24,0,TEAM,True,https://www.espn.com/nba/game/_/gameId/401468411/nets-76ers,,,,
2022-11-20T00:30:00+00:00,2023,REG,Philadelphia 76ers,Minnesota Timberwolves,HOME,109,112,23,33,28,30,33,34,25,15,0,OPP,True,https://www.espn.com/nba/game/_/gameId/401468392/timberwolves-76ers,,,,
2022-11-19T00:30:00+00:00,2023,REG,Philadelphia 76ers,Milwaukee Bucks,HOME,110,102,24,34,31,28,34,22,21,18,0,TEAM,True,https://www.espn.com/nba/game/_/gameId/401468381/bucks-76ers,,,,
2022-11-14T00:30:00+00:00,2023,REG,Philadelphia 76ers,Utah Jazz,HOME,105,98,26,30,25,27,27,21,27,20,0,TEAM,True,https://www.espn.com/nba/game/_/gameId/401468350/jazz-76ers,,,,
2022-11-13T00:30:00+00:00,2023,REG,Philadelphia 76ers,Atlanta Hawks,HOME,121,109,37,24,30,27,32,33,22,25,0,TEAM,True,https://www.espn.com/nba/game/_/gameId/401468343/hawks-76ers,,,,
2022-11-11T00:30:00+00:00,2023,REG,Philadelphia 76ers,Atlanta Hawks,AWAY,95,104,20,29,22,17,24,34,29,24,0,OPP,True,https://www.espn.com/nba/game/_/gameId/401468328/76ers-hawks,,,,
2022-11-08T01:00:00+00:00,2023,REG,Philadelphia 76ers,Phoenix Suns,HOME,100,88,33,20,23,27,19,23,25,18,0,TEAM,True,https://www.espn.com/nba/game/_/gameId/401468303/suns-76ers,,,,
2022-11-04T23:00:00+00:00,2023,REG,Philadelphia 76ers,New York Knicks,HOME,104,106,22,21,31,37,30,16,21,32,0,OPP,True,https://www.espn.com/nba/game/_/gameId/401468277/knicks-76ers,,,,
2022-11-02T22:00:00+00:00,2023,REG,Philadelphia 76ers,Washington Wizards,HOME,111,121,25,31,26,26,39,34,21,30,0,OPP,True,https://www.espn.com/nba/game/_/gameId/401468263/wizards-76ers,,,,
2022-10-31T23:00:00+00:00,2023,REG,Philadelphia 76ers,Washington Wizards,AWAY,118,111,30,28,22,24,34,21,32,38,0,TEAM,True,https://www.espn.com/nba/game/_/gameId/401468252/76ers-wizards,,,,
2022-10-30T00:00:00+00:00,2023,REG,Philadelphia 76ers,Chicago Bulls,AWAY,114,109,37,22,27,34,26,31,24,22,0,TEAM,True,https://www.espn.com/nba/game/_/gameId/401468239/76ers-bulls,,,,
2022-10-28T23:30:00+00:00,2023,REG,Philadelphia 76ers,Toronto Raptors,AWAY,112,90,28,26,37,22,16,22,31,20,0,TEAM,True,https://www.espn.com/nba/game/_/gameId/401468228/76ers-raptors,,,,
2022-10-26T23:30:00+00:00,2023,REG,Philadelphia 76ers,Toronto Raptors,AWAY,109,119,27,35,26,28,26,26,30,30,0,OPP,True,https://www.espn.com/nba/game/_/gameId/401468214/76ers-raptors,,,,
2022-10-24T23:00:00+00:00,2023,REG,Philadelphia 76ers,Indiana Pacers,HOME,120,106,33,23,31,23,26,30,30,30,0,TEAM,True,https://www.espn.com/nba/game/_/gameId/401468199/pacers-76ers,,,,
2022-10-22T22:00:00+00:00,2023,REG,Philadelphia 76ers,San Antonio Spurs,HOME,105,114,25,19,26,35,26,31,28,29,0,OPP,True,https://www.espn.com/nba/game/_/gameId/401468183/spurs-76ers,,,,
2022-10-20T23:30:00+00:00,2023,REG,Philadelphia 76ers,Milwaukee Bucks,HOME,88,90,24,30,21,17,18,26,25,17,0,OPP,True,https://www.espn.com/nba/game/_/gameId/401468170/bucks-76ers,,,,
2022-10-18T23:30:00+00:00,2023,REG,Philadelphia 76ers,Boston Celtics,AWAY,117,126,29,24,34,39,25,35,29,28,0,OPP,True,https://www.espn.com/nba/game/_/gameId/401468016/76ers-celtics,,,,
2022-05-12T23:00:00+00:00,2022,POST,Philadelphia 76ers,Miami Heat,HOME,90,99,25,28,23,21,15,25,27,25,0,OPP,True,https://www.espn.com/nba/game/_/gameId/401434055/heat-76ers,,,,
2022-05-10T23:30:00+00:00,2022,POST,Philadelphia 76ers,Miami Heat,AWAY,85,120,19,31,25,25,22,25,19,39,0,OPP,True,https://www.espn.com/nba/game/_/gameId/401434054/76ers-heat,,,,
2022-05-09T00:00:00+00:00,2022,POST,Philadelphia 76ers,Miami Heat,HOME,116,108,30,28,34,28,25,29,27,23,0,TEAM,True,https://www.espn.com/nba/game/_/gameId/401434053/heat-76ers,,,,
2022-05-06T23:00:00+00:00,2022,POST,Philadelphia 76ers,Miami Heat,HOME,99,79,21,17,20,17,27,31,31,14,0,TEAM,True,https://www.espn.com/nba/game/_/gameId/401434052/heat-76ers,,,,
2022-05-04T23:30:00+00:00,2022,POST,Philadelphia 76ers,Miami Heat,AWAY,103,119,24,31,28,29,28,31,23,28,0,OPP,True,https://www.espn.com/nba/game/_/gameId/401434051/76ers-heat,,,,
2022-05-02T23:30:00+00:00,2022,POST,Philadelphia 76ers,Miami Heat,AWAY,92,106,22,30,29,20,21,30,20,26,0,OPP,True,https://www.espn.com/nba/game/_/gameId/401434050/76ers-heat,,,,
2022-04-28T23:00:00+00:00,2022,POST,Philadelphia 76ers,Toronto Raptors,AWAY,132,97,34,29,28,32,37,17,33,19,0,TEAM,True,https://www.espn.com/nba/game/_/gameId/401430244/76ers-raptors,,,,
2022-04-26T00:00:00+00:00,2022,POST,Philadelphia 76ers,Toronto Raptors,HOME,88,103,27,29,14,25,25,21,22,28,0,OPP,True,https://www.espn.com/nba/game/_/gameId/401430243/raptors-76ers,,,,
2022-04-23T18:00:00+00:00,2022,POST,Philadelphia 76ers,Toronto Raptors,AWAY,102,110,24,24,25,30,28,26,25,30,0,OPP,True,https://www.espn.com/nba/game/_/gameId/401430240/76ers-raptors,,,,
2022-04-21T00:00:00+00:00,2022,POST,Philadelphia 76ers,Toronto Raptors,AWAY,104,101,19,29,27,27,28,19,21,20,1,TEAM,True,https://www.espn.com/nba/game/_/gameId/401430236/76ers-raptors,9,,6,
2022-04-18T23:30:00+00:00,2022,POST,Philadelphia 76ers,Toronto Raptors,HOME,112,97,32,33,35,19,28,19,17,26,0,TEAM,True,https://www.espn.com/nba/game/_/gameId/401430233/raptors-76ers,,,,
2022-04-16T22:00:00+00:00,2022,POST,Philadelphia 76ers,Toronto Raptors,HOME,131,111,35,27,34,24,38,37,24,23,0,TEAM,True,https://www.espn.com/nba/game/_/gameId/401429874/raptors-76ers,,,,
2022-04-10T23:00:00+00:00,2022,REG,Philadelphia 76ers,Detroit Pistons,HOME,118,106,36,30,26,30,31,28,25,18,0,TEAM,True,https://www.espn.com/nba/game/_/gameId/401361047/pistons-76ers,,,,
2022-04-09T17:00:00+00:00,2022,REG,Philadelphia 76ers,Indiana Pacers,HOME,133,120,37,23,29,31,34,36,33,30,0,TEAM,True,https://www.espn.com/nba/game/_/gameId/401361033/pacers-76ers,,,,
2022-04-07T23:30:00+00:00,2022,REG,Philadelphia 76ers,Toronto Raptors,AWAY,114,119,33,26,27,30,25,31,29,32,0,OPP,True,https://www.espn.com/nba/game/_/gameId/401361016/76ers-raptors,,,,
2022-04-05T23:00:00+00:00,2022,REG,Philadelphia 76ers,Indiana Pacers,AWAY,131,122,33,31,49,28,25,40,24,23,0,TEAM,True,https://www.espn.com/nba/game/_/gameId/401360997/76ers-pacers,,,,
2022-04-03T22:00:00+00:00,2022,REG,Philadelphia 76ers,Cleveland Cavaliers,AWAY,112,108,21,23,28,32,32,25,31,28,0,TEAM,True,https://www.espn.com/nba/game/_/gameId/401360989/76ers-cavaliers,,,,
2022-04-02T16:30:00+00:00,2022,REG,Philadelphia 76ers,Charlotte Hornets,HOME,144,114,29,26,29,27,45,27,41,34,0,TEAM,True,https://www.espn.com/nba/game/_/gameId/401360980/hornets-76ers,,,,
2022-03-31T23:00:00+00:00,2022,REG,Philadelphia 76ers,Detroit Pistons,AWAY,94,102,25,20,29,30,25,23,15,29,0,OPP,True,https://www.espn.com/nba/game/_/gameId/401360966/76ers-pistons,,,,
2022-03-29T23:00:00+00:00,2022,REG,Philadelphia 76ers,Milwaukee Bucks,HOME,116,118,24,27,37,24,28,30,27,37,0,OPP,True,https://www.espn.com/nba/game/_/gameId/401360950/bucks-76ers,,,,
2022-03-27T22:00:00+00:00,2022,REG,Philadelphia 76ers,Phoenix Suns,AWAY,104,114,39,37,25,23,22,31,18,23,0,OPP,True,https://www.espn.com/nba/game/_/gameId/401360937/76ers-suns,,,,
2022-03-26T02:30:00+00:00,2022,REG,Philadelphia 76ers,LA Clippers,AWAY,122,97,35,19,29,24,29,28,29,26,0,TEAM,True,https://www.espn.com/nba/game/_/gameId/401360925/76ers-clippers,,,,
2022-03-24T02:00:00+00:00,2022,REG,Philadelphia 76ers,Los Angeles Lakers,AWAY,126,121,27,30,34,22,32,39,33,30,0,TEAM,True,https://www.espn.com/nba/game/_/gameId/401360912/76ers-lakers,,,,
2022-03-21T23:30:00+00:00,2022,REG,Philadelphia 76ers,Miami Heat,HOME,113,106,26,32,31,24,23,22,33,28,0,TEAM,True,https://www.espn.com/nba/game/_/gameId/401360893/heat-76ers,,,,
2022-03-21T00:30:00+00:00,2022,REG,Philadelphia 76ers,Toronto Raptors,HOME,88,93,37,27,17,30,20,12,14,24,0,OPP,True,https://www.espn.com/nba/game/_/gameId/401360888/raptors-76ers,,,,
2022-03-18T23:00:00+00:00,2022,REG,Philadelphia 76ers,Dallas Mavericks,HOME,111,101,26,27,32,26,26,23,27,25,0,TEAM,True,https://www.espn.com/nba/game/_/gameId/401360875/mavericks-76ers,,,,
2022-03-16T23:00:00+00:00,2022,REG,Philadelphia 76ers,Cleveland Cavaliers,AWAY,118,114,30,23,42,36,13,31,33,24,0,TEAM,True,https://www.espn.com/nba/game/_/gameId/401360853/76ers-cavaliers,,,,
2022-03-14T23:30:00+00:00,2022,REG,Philadelphia 76ers,Denver Nuggets,HOME,110,114,37,22,21,31,30,28,22,33,0,OPP,True,https://www.espn.com/nba/game/_/gameId/401360841/nuggets-76ers,,,,
2022-03-13T22:00:00+00:00,2022,REG,Philadelphia 76ers,Orlando Magic,AWAY,116,114,24,29,23,30,27,21,30,24,1,TEAM,True,https://www.espn.com/nba/game/_/gameId/401360834/76ers-magic,12,,10,
2022-03-11T00:30:00+00:00,2022,REG,Philadelphia 76ers,Brooklyn Nets,HOME,100,129,23,40,28,32,19,30,30,27,0,OPP,True,https://www.espn.com/nba/game/_/gameId/401360812/nets-76ers,,,,
2022-03-08T00:00:00+00:00,2022,REG,Philadelphia 76ers,Chicago Bulls,HOME,121,106,37,32,22,21,29,24,33,29,0,TEAM,True,https://www.espn.com/nba/game/_/gameId/401360788/bulls-76ers,,,,
2022-03-06T01:00:00+00:00,2022,REG,Philadelphia 76ers,Miami Heat,AWAY,82,99,14,22,26,32,28,19,14,26,0,OPP,True,https://www.espn.com/nba/game/_/gameId/401360775/76ers-heat,,,,
2022-03-05T00:00:00+00:00,2022,REG,Philadelphia 76ers,Cleveland Cavaliers,HOME,125,119,30,43,33,28,34,28,28,20,0,TEAM,True,https://www.espn.com/nba/game/_/gameId/401360766/cavaliers-76ers,,,,
2022-03-03T00:30:00+00:00,2022,REG,Philadelphia 76ers,New York Knicks,HOME,123,108,25,33,30,29,38,19,30,27,0,TEAM,True,https://www.espn.com/nba/game/_/gameId/401360753/knicks-76ers,,,,
2022-02-27T18:00:00+00:00,2022,REG,Philadelphia 76ers,New York Knicks,AWAY,125,109,38,35,27,21,26,33,34,20,0,TEAM,True,https://www.espn.com/nba/game/_/gameId/401360731/76ers-knicks,,,,
2022-02-26T01:00:00+00:00,2022,REG,Philadelphia 76ers,Minnesota Timberwolves,AWAY,133,102,34,25,31,24,27,25,41,28,0,TEAM,True,https://www.espn.com/nba/game/_/gameId/401360720/76ers-timberwolves,,,,
2022-02-18T01:30:00+00:00,2022,REG,Philadelphia 76ers,Milwaukee Bucks,AWAY,123,120,24,27,45,34,31,32,23,27,0,TEAM,True,https://www.espn.com/nba/game/_/gameId/401360706/76ers-bucks,,,,
2022-02-16T00:30:00+00:00,2022,REG,Philadelphia 76ers,Boston Celtics,HOME,87,135,22,32,20,37,16,32,29,34,0,OPP,True,https://www.espn.com/nba/game/_/gameId/401360688/celtics-76ers,,,,
2022-02-13T00:30:00+00:00,2022,REG,Philadelphia 76ers,Cleveland Cavaliers,HOME,103,93,36,23,22,28,22,20,23,22,0,TEAM,True,https://www.espn.com/nba/game/_/gameId/401360668/cavaliers-76ers,,,,
2022-02-12T00:00:00+00:00,2022,REG,Philadelphia 76ers,Oklahoma City Thunder,HOME,100,87,24,24,22,17,31,20,23,26,0,TEAM,True,https://www.espn.com/nba/game/_/gameId/401360659/thunder-76ers,,,,
2022-02-09T00:00:00+00:00,2022,REG,Philadelphia 76ers,Phoenix Suns,HOME,109,114,25,29,34,26,25,28,25,31,0,OPP,True,https://www.espn.com/nba/game/_/gameId/401360634/suns-76ers,,,,
2022-02-06T20:30:00+00:00,2022,REG,Philadelphia 76ers,Chicago Bulls,AWAY,119,108,34,26,27,26,28,29,30,27,0,TEAM,True,https://www.espn.com/nba/game/_/gameId/401360621/76ers-bulls,,,,
2022-02-05T03:00:00+00:00,2022,REG,Philadelphia 76ers,Dallas Mavericks,AWAY,98,107,33,24,30,29,15,32,20,22,0,OPP,True,https://www.espn.com/nba/game/_/gameId/401360610/76ers-mavericks,,,,
2022-02-03T00:00:00+00:00,2022,REG,Philadelphia 76ers,Washington Wizards,HOME,103,106,28,29,26,30,25,22,24,25,0,OPP,True,https://www.espn.com/nba/game/_/gameId/401360593/wizards-76ers,,,,
2022-02-01T00:00:00+00:00,2022,REG,Philadelphia 76ers,Memphis Grizzlies,HOME,122,119,39,30,24,28,21,22,27,31,1,TEAM,True,https://www.espn.com/nba/game/_/gameId/401360580/grizzlies-76ers,11,,8,
2022-01-30T00:30:00+00:00,2022,REG,Philadelphia 76ers,Sacramento Kings,HOME,103,101,27,31,23,30,31,22,22,18,0,TEAM,True,https://www.espn.com/nba/game/_/gameId/401360566/kings-76ers,,,,
2022-01-28T00:30:00+00:00,2022,REG,Philadelphia 76ers,Los Angeles Lakers,HOME,105,87,32,22,22,26,34,20,17,19,0,TEAM,True,https://www.espn.com/nba/game/_/gameId/401360552/lakers-76ers,,,,
2022-01-26T00:00:00+00:00,2022,REG,Philadelphia 76ers,New Orleans Pelicans,HOME,117,107,20,24,30,34,36,28,31,21,0,TEAM,True,https://www.espn.com/nba/game/_/gameId/401401137/pelicans-76ers,,,,
2022-01-24T00:00:00+00:00,2022,REG,Philadelphia 76ers,San Antonio Spurs,AWAY,115,109,29,23,30,24,27,30,29,32,0,TEAM,True,https://www.espn.com/nba/game/_/gameId/401360523/76ers-spurs,,,,
2022-01-22T00:00:00+00:00,2022,REG,Philadelphia 76ers,LA Clippers,HOME,101,102,17,24,37,16,26,30,21,32,0,OPP,True,https://www.espn.com/nba/game/_/gameId/401360505/clippers-76ers,,,,
2022-01-20T00:00:00+00:00,2022,REG,Philadelphia 76ers,Orlando Magic,HOME,123,110,25,21,22,36,47,23,29,30,0,TEAM,True,https://www.espn.com/nba/game/_/gameId/401360487/magic-76ers,,,,
2022-01-17T19:00:00+00:00,2022,REG,Philadelphia 76ers,Washington Wizards,AWAY,98,117,29,38,26,23,28,30,15,26,0,OPP,True,https://www.espn.com/nba/game/_/gameId/401360475/76ers-wizards,,,,
2022-01-16T01:00:00+00:00,2022,REG,Philadelphia 76ers,Miami Heat,AWAY,109,98,20,29,23,21,32,23,34,25,0,TEAM,True,https://www.espn.com/nba/game/_/gameId/401360464/76ers-heat,,,,
2022-01-15T00:00:00+00:00,2022,REG,Philadelphia 76ers,Boston Celtics,HOME,111,99,32,14,23,21,28,31,28,33,0,TEAM,True,https://www.espn.com/nba/game/_/gameId/401360454/celtics-76ers,,,,
2022-01-13T00:00:00+00:00,2022,REG,Philadelphia 76ers,Charlotte Hornets,HOME,98,109,35,34,15,30,26,21,22,24,0,OPP,True,https://www.espn.com/nba/game/_/gameId/401360438/hornets-76ers,,,,
2022-01-11T01:00:00+00:00,2022,REG,Philadelphia 76ers,Houston Rockets,AWAY,111,91,36,27,26,23,29,22,20,19,0,TEAM,True,https://www.espn.com/nba/game/_/gameId/401360530/76ers-rockets,,,,
2022-01-08T00:00:00+00:00,2022,REG,Philadelphia 76ers,San Antonio Spurs,HOME,119,100,39,19,32,34,26,27,22,20,0,TEAM,True,https://www.espn.com/nba/game/_/gameId/401360401/spurs-76ers,,,,
2022-01-06T00:00:00+00:00,2022,REG,Philadelphia 76ers,Orlando Magic,AWAY,116,106,33,33,29,26,26,30,28,17,0,TEAM,True,https://www.espn.com/nba/game/_/gameId/401360387/76ers-magic,,,,
2022-01-04T00:00:00+00:00,2022,REG,Philadelphia 76ers,Houston Rockets,HOME,133,113,34,30,28,33,41,29,30,21,0,TEAM,True,https://www.espn.com/nba/game/_/gameId/401360371/rockets-76ers,,,,
2021-12-31T00:00:00+00:00,2022,REG,Philadelphia 76ers,Brooklyn Nets,AWAY,110,102,39,31,16,23,29,28,26,20,0,TEAM,True,https://www.espn.com/nba/game/_/gameId/401360344/76ers-nets,,,,
2021-12-29T00:30:00+00:00,2022,REG,Philadelphia 76ers,Toronto Raptors,AWAY,114,109,27,24,28,24,30,33,29,28,0,TEAM,True,https://www.espn.com/nba/game/_/gameId/401360329/76ers-raptors,,,,
2021-12-26T23:00:00+00:00,2022,REG,Philadelphia 76ers,Washington Wizards,AWAY,117,96,25,31,38,24,29,17,25,24,0,TEAM,True,https://www.espn.com/nba/game/_/gameId/401360314/76ers-wizards,,,,
2021-12-24T00:00:00+00:00,2022,REG,Philadelphia 76ers,Atlanta Hawks,HOME,96,98,18,32,33,19,24,28,21,19,0,OPP,True,https://www.espn.com/nba/game/_/gameId/401360302/hawks-76ers,,,,
2021-12-21T00:30:00+00:00,2022,REG,Philadelphia 76ers,Boston Celtics,AWAY,108,103,28,20,23,29,24,31,33,23,0,TEAM,True,https://www.espn.com/nba/game/_/gameId/401360281/76ers-celtics,,,,
2021-12-20T00:00:00+00:00,2022,REG,Philadelphia 76ers,New Orleans Pelicans,HOME,0,0,0,0,0,0,0,0,0,0,0,TIE,True,https://www.espn.com/nba/game/_/gameId/401360278/pelicans-76ers,,,,
2021-12-17T00:30:00+00:00,2022,REG,Philadelphia 76ers,Brooklyn Nets,AWAY,105,114,25,39,23,27,31,19,26,29,0,OPP,True,https://www.espn.com/nba/game/_/gameId/401360253/76ers-nets,,,,
2021-12-16T00:00:00+00:00,2022,REG,Philadelphia 76ers,Miami Heat,HOME,96,101,18,29,31,29,21,23,26,20,0,OPP,True,https://www.espn.com/nba/game/_/gameId/401360243/heat-76ers,,,,
2021-12-14T01:00:00+00:00,2022,REG,Philadelphia 76ers,Memphis Grizzlies,AWAY,91,126,30,37,26,31,19,33,16,25,0,OPP,True,https://www.espn.com/nba/game/_/gameId/401360233/76ers-grizzlies,,,,
2021-12-12T01:30:00+00:00,2022,REG,Philadelphia 76ers,Golden State Warriors,HOME,102,93,23,22,23,27,24,24,32,20,0,TEAM,True,https://www.espn.com/nba/game/_/gameId/401360220/warriors-76ers,,,,
2021-12-10T00:00:00+00:00,2022,REG,Philadelphia 76ers,Utah Jazz,HOME,96,118,32,27,22,34,22,27,20,30,0,OPP,True,https://www.espn.com/nba/game/_/gameId/401360203/jazz-76ers,,,,
2021-12-09T00:00:00+00:00,2022,REG,Philadelphia 76ers,Charlotte Hornets,AWAY,110,106,26,26,25,27,31,28,28,25,0,TEAM,True,https://www.espn.com/nba/game/_/gameId/401360190/76ers-hornets,,,,
2021-12-07T00:00:00+00:00,2022,REG,Philadelphia 76ers,Charlotte Hornets,AWAY,127,124,23,34,44,28,28,31,24,26,1,TEAM,True,https://www.espn.com/nba/game/_/gameId/401360177/76ers-hornets,8,,5,
2021-12-04T00:30:00+00:00,2022,REG,Philadelphia 76ers,Atlanta Hawks,AWAY,98,96,31,22,13,30,34,35,20,9,0,TEAM,True,https://www.espn.com/nba/game/_/gameId/401360159/76ers-hawks,,,,
2021-12-02T00:30:00+00:00,2022,REG,Philadelphia 76ers,Boston Celtics,AWAY,87,88,20,21,20,23,23,20,24,24,0,OPP,True,https://www.espn.com/nba/game/_/gameId/401360146/76ers-celtics,,,,
2021-11-30T00:00:00+00:00,2022,REG,Philadelphia 76ers,Orlando Magic,HOME,101,96,31,19,23,24,27,35,20,18,0,TEAM,True,https://www.espn.com/nba/game/_/gameId/401360129/magic-76ers,,,,
2021-11-27T23:00:00+00:00,2022,REG,Philadelphia 76ers,Minnesota Timberwolves,HOME,120,121,20,35,21,21,29,16,30,28,2,OPP,True,https://www.espn.com/nba/game/_/gameId/401360116/timberwolves-76ers,13,7,13,8
2021-11-25T03:00:00+00:00,2022,REG,Philadelphia 76ers,Golden State Warriors,AWAY,96,116,34,23,27,29,23,34,12,30,0,OPP,True,https://www.espn.com/nba/game/_/gameId/401360102/76ers-warriors,,,,
2021-11-23T03:00:00+00:00,2022,REG,Philadelphia 76ers,Sacramento Kings,AWAY,102,94,28,33,27,19,22,30,25,12,0,TEAM,True,https://www.espn.com/nba/game/_/gameId/401360086/76ers-kings,,,,
2021-11-21T03:00:00+00:00,2022,REG,Philadelphia 76ers,Portland Trail Blazers,AWAY,111,118,25,30,21,25,32,31,33,32,0,OPP,True,https://www.espn.com/nba/game/_/gameId/401360070/76ers-trail-blazers,,,,
2021-11-19T02:00:00+00:00,2022,REG,Philadelphia 76ers,Denver Nuggets,AWAY,103,89,24,23,34,29,29,17,16,20,0,TEAM,True,https://www.espn.com/nba/game/_/gameId/401360052/76ers-nuggets,,,,
2021-11-17T03:00:00+00:00,2022,REG,Philadelphia 76ers,Utah Jazz,AWAY,85,120,28,30,19,33,19,34,19,23,0,OPP,True,https://www.espn.com/nba/game/_/gameId/401360035/76ers-jazz,,,,
2021-11-14T00:00:00+00:00,2022,REG,Philadelphia 76ers,Indiana Pacers,AWAY,113,118,25,32,35,38,22,24,31,24,0,OPP,True,https://www.espn.com/nba/game/_/gameId/401360010/76ers-pacers,,,,
2021-11-12T00:00:00+00:00,2022,REG,Philadelphia 76ers,Toronto Raptors,HOME,109,115,30,27,27,25,21,29,31,34,0,OPP,True,https://www.espn.com/nba/game/_/gameId/401359995/raptors-76ers,,,,
2021-11-10T00:30:00+00:00,2022,REG,Philadelphia 76ers,Milwaukee Bucks,HOME,109,118,39,30,19,31,35,30,16,27,0,OPP,True,https://www.espn.com/nba/game/_/gameId/401359979/bucks-76ers,,,,
2021-11-09T00:00:00+00:00,2022,REG,Philadelphia 76ers,New York Knicks,HOME,96,103,21,28,23,30,25,14,27,31,0,OPP,True,https://www.espn.com/nba/game/_/gameId/401359971/knicks-76ers,,,,
2021-11-07T00:00:00+00:00,2022,REG,Philadelphia 76ers,Chicago Bulls,AWAY,114,105,22,21,35,26,27,30,30,28,0,TEAM,True,https://www.espn.com/nba/game/_/gameId/401359959/76ers-bulls,,,,
2021-11-04T23:00:00+00:00,2022,REG,Philadelphia 76ers,Detroit Pistons,AWAY,109,98,31,32,32,34,23,16,23,16,0,TEAM,True,https://www.espn.com/nba/game/_/gameId/401359943/76ers-pistons,,,,
2021-11-03T23:00:00+00:00,2022,REG,Philadelphia 76ers,Chicago Bulls,HOME,103,98,29,19,29,25,26,28,19,26,0,TEAM,True,https://www.espn.com/nba/game/_/gameId/401359935/bulls-76ers,,,,
2021-11-01T23:00:00+00:00,2022,REG,Philadelphia 76ers,Portland Trail Blazers,HOME,113,103,27,21,27,32,32,28,27,22,0,TEAM,True,https://www.espn.com/nba/game/_/gameId/401359920/trail-blazers-76ers,,,,
2021-10-30T23:30:00+00:00,2022,REG,Philadelphia 76ers,Atlanta Hawks,HOME,122,94,28,15,32,31,29,23,33,25,0,TEAM,True,https://www.espn.com/nba/game/_/gameId/401359906/hawks-76ers,,,,
2021-10-28T23:00:00+00:00,2022,REG,Philadelphia 76ers,Detroit Pistons,HOME,110,102,21,22,31,24,27,21,31,35,0,TEAM,True,https://www.espn.com/nba/game/_/gameId/401359889/pistons-76ers,,,,
2021-10-26T23:30:00+00:00,2022,REG,Philadelphia 76ers,New York Knicks,AWAY,99,112,26,23,16,39,30,28,27,22,0,OPP,True,https://www.espn.com/nba/game/_/gameId/401359874/76ers-knicks,,,,
2021-10-24T23:00:00+00:00,2022,REG,Philadelphia 76ers,Oklahoma City Thunder,AWAY,115,103,36,26,23,25,28,27,28,25,0,TEAM,True,https://www.espn.com/nba/game/_/gameId/401359862/76ers-thunder,,,,
2021-10-22T23:30:00+00:00,2022,REG,Philadelphia 76ers,Brooklyn Nets,HOME,109,114,34,28,28,27,29,30,18,29,0,OPP,True,https://www.espn.com/nba/game/_/gameId/401358779/nets-76ers,,,,
2021-10-21T00:00:00+00:00,2022,REG,Philadelphia 76ers,New Orleans Pelicans,AWAY,117,97,29,25,24,28,28,17,36,27,0,TEAM,True,https://www.espn.com/nba/game/_/gameId/401359838/76ers-pelicans,,,,
